sgpa,attendance_rate,quiz_avg,assignment_rate,login_frequency,consecutive_absences,mood_score,late_submission_rate,help_seeking_ratio,peer_interaction_score,material_access_rate,attendance_trend,quiz_score_trend,login_frequency_trend,submission_time_ratio,sgpa_delta,risk_velocity,weekly_checkin_streak,attendance_quiz_combined,sgpa_absence_combined,submission_mood_combined,department,faculty,level,semester,status
3.23,0.632,0.548,0.7,0.685,1,0.838,0.154,0.65,0.451,0.325,0.053,-0.097,0.19,0.697,0.19,-0.0124,0.773,0.404,0.118,0.851,History and International Relations,FAMSS,100,1,GS
2.91,0.599,1.0,1.0,0.986,0,0.79,0.0,0.535,0.429,0.563,0.018,0.123,-0.078,0.295,-0.26,0.0145,0.322,0.45,0.075,0.731,Cybersecurity,FNAS,200,1,GS
2.79,0.051,0.138,0.231,0.076,2,0.352,0.155,0.463,0.546,0.277,-0.359,-0.139,-0.165,0.0,0.15,0.024,0.305,0.132,0.144,0.156,Industrial Chemistry,FNAS,400,1,GS
3.59,0.502,0.708,0.694,0.3,1,0.168,0.125,0.47,0.335,0.731,-0.131,0.245,-0.015,0.301,0.24,0.0115,0.373,0.4,0.017,0.124,Software Engineering,FNAS,100,2,GS
2.46,0.783,0.849,0.619,0.491,2,0.816,0.193,0.317,0.845,0.61,0.161,0.058,0.149,0.671,-0.49,0.0038,0.224,0.709,0.22,0.815,Computer Science,FNAS,100,1,GS
2.95,0.508,0.303,0.508,0.367,0,0.473,0.0,0.336,0.392,0.713,0.209,0.022,0.011,0.377,0.79,-0.1068,0.279,0.217,0.0,0.46,Health Information Management,FBMS,100,1,GS
2.89,0.598,0.31,0.387,0.263,2,0.627,0.204,0.359,0.386,0.47,-0.012,-0.248,-0.027,0.431,0.41,-0.0228,0.0,0.203,0.055,0.617,Public Health,FBMS,100,1,GS
2.89,0.604,0.6,0.382,0.218,1,0.617,0.132,0.375,0.296,0.781,0.076,0.014,0.206,0.541,0.14,-0.098,0.286,0.261,0.103,0.571,Criminology and Security Studies,FAMSS,200,2,GS
2.95,0.543,0.286,0.48,0.354,1,0.279,0.398,0.335,0.184,0.02,-0.092,0.034,-0.04,0.286,-0.52,0.0398,0.244,0.162,0.0,0.112,Computer Engineering,FNAS,100,1,GS
2.68,0.913,0.903,0.837,0.823,1,0.758,0.145,0.381,0.324,0.441,0.085,0.092,-0.139,0.819,0.21,-0.0149,0.18,0.849,0.166,0.479,Mathematics,FNAS,100,2,GS
2.55,0.652,0.636,0.733,0.268,1,0.658,0.243,0.0,0.557,0.87,0.195,0.168,-0.241,0.44,0.14,-0.0387,0.007,0.319,0.041,0.399,Public Health,FBMS,200,1,GS
2.19,0.364,0.461,0.235,0.532,1,0.926,0.299,0.71,0.445,0.406,0.049,-0.147,-0.039,0.112,0.5,-0.0299,0.125,0.0,0.124,0.539,Information Technology,FNAS,400,2,GS
4.07,0.623,0.733,0.744,0.433,0,0.662,0.194,0.163,0.445,0.325,0.114,0.322,-0.064,0.492,0.2,-0.0523,0.668,0.48,0.0,0.498,Physics and Electronics,FNAS,100,2,GS
3.72,0.585,0.643,0.848,0.385,1,0.783,0.109,0.528,0.003,1.0,0.365,-0.062,0.249,0.652,0.08,0.0071,0.094,0.352,0.063,0.75,Computer Science,FNAS,400,2,GS
2.88,0.392,0.179,0.46,0.123,1,0.045,0.531,0.028,0.458,0.086,-0.109,0.072,0.055,0.454,0.08,0.0505,0.247,0.0,0.074,0.155,Computer Science,FNAS,300,1,GS
3.2,0.683,0.653,0.588,0.918,0,0.96,0.178,0.453,0.619,1.0,0.113,0.007,0.029,0.727,0.53,-0.0069,0.348,0.57,0.021,0.759,History and International Relations,FAMSS,200,2,GS
2.64,0.681,0.707,0.727,0.508,1,0.513,0.555,0.564,0.295,0.613,0.08,0.076,-0.097,0.53,-0.05,-0.0071,0.331,0.539,0.0,0.374,Software Engineering,FNAS,300,2,GS
1.44,0.691,0.529,0.658,0.446,1,0.396,0.231,0.544,0.637,0.287,0.136,0.2,0.234,0.458,0.51,-0.0404,0.603,0.526,0.039,0.46,English and Communication,FAMSS,100,1,GS
2.98,0.598,0.541,0.549,0.542,3,0.479,0.174,0.329,0.732,0.641,0.016,0.216,0.11,0.417,0.73,0.0057,0.695,0.276,0.0,0.504,Criminology and Security Studies,FAMSS,100,1,GS
2.79,0.67,0.905,0.554,0.559,0,0.784,0.009,0.851,0.546,0.623,0.001,0.235,0.073,0.526,-0.15,0.0558,0.704,0.612,0.054,0.652,Computer Engineering,FNAS,200,1,GS
3.25,0.581,0.402,0.445,0.464,0,0.181,0.03,0.54,0.748,0.659,0.379,0.239,-0.088,0.361,0.23,-0.0054,0.388,0.298,0.0,0.242,Criminology and Security Studies,FAMSS,200,2,GS
2.43,0.497,0.209,0.604,0.55,0,0.597,0.252,0.255,0.657,0.431,0.08,-0.053,-0.061,0.575,-0.03,0.0396,0.519,0.016,0.0,0.346,Accounting,FAMSS,100,2,GS
2.78,0.46,0.788,0.709,0.715,2,0.856,0.195,0.41,0.279,0.715,0.101,0.324,0.288,0.476,0.21,0.0248,1.0,0.335,0.038,0.596,Information Technology,FNAS,200,1,GS
2.38,0.501,0.726,0.47,0.44,0,0.965,0.286,0.251,0.623,0.734,-0.175,0.193,0.214,0.091,0.45,-0.0128,0.68,0.449,0.0,0.582,Doctor of Physiotherapy,FBMS,200,1,GS
3.21,0.849,0.827,0.779,0.698,0,0.594,0.175,0.754,0.634,0.636,0.127,-0.063,0.036,0.54,0.24,0.0665,0.358,0.723,0.0,0.639,Business Administration,FAMSS,200,1,GS
2.74,0.448,0.339,0.408,0.097,1,0.534,0.585,0.269,0.255,0.606,-0.315,0.058,-0.108,0.484,0.31,0.0046,0.147,0.154,0.089,0.273,Criminology and Security Studies,FAMSS,100,2,GS
2.16,0.488,0.566,0.455,0.331,1,0.078,0.861,0.222,0.401,0.357,0.051,-0.233,-0.131,0.409,-0.05,-0.0706,0.127,0.324,0.0,0.0,Physics and Electronics,FNAS,100,2,NGS
2.24,0.038,0.256,0.162,0.041,1,0.118,0.263,0.038,0.092,0.229,-0.325,-0.051,0.089,0.246,0.27,-0.0295,0.343,0.0,0.135,0.0,Physics and Electronics,FNAS,200,1,NGS
3.11,0.51,0.294,0.793,0.935,0,0.82,0.147,0.46,0.324,0.093,0.016,-0.132,0.212,0.465,-0.02,-0.0385,0.802,0.129,0.0,0.754,Physics and Electronics,FNAS,100,2,GS
2.24,0.627,0.439,0.522,0.605,1,0.612,0.153,0.952,0.281,0.556,-0.115,0.002,0.217,0.501,0.53,0.0074,0.793,0.281,0.011,0.302,Nursing,FBMS,200,1,GS
1.99,0.294,0.08,0.523,0.199,6,0.231,0.419,0.009,0.001,0.309,-0.187,-0.208,-0.001,0.495,-0.39,0.0872,0.514,0.0,0.269,0.055,Mathematics,FNAS,400,1,NGS
1.45,0.273,0.495,0.164,0.464,1,0.0,0.303,0.001,0.0,0.226,-0.22,-0.105,-0.249,0.208,-0.27,-0.0176,0.009,0.028,0.114,0.0,Computer Engineering,FNAS,400,2,NGS
3.48,0.967,0.953,0.986,1.0,0,0.616,0.17,0.883,0.368,0.767,0.162,0.179,0.049,0.838,0.21,-0.0472,0.499,0.905,0.0,0.524,Doctor of Physiotherapy,FBMS,300,1,GS
2.92,0.411,0.508,0.485,0.467,1,0.656,0.16,0.05,0.401,0.835,-0.213,-0.106,0.367,0.392,0.15,-0.0925,0.441,0.219,0.071,0.667,Industrial Chemistry,FNAS,300,2,GS
1.86,0.358,0.507,0.629,0.387,1,0.557,0.216,0.351,0.176,0.389,-0.239,0.178,-0.051,0.376,-0.18,0.0879,0.497,0.02,0.1,0.484,Biochemistry,FNAS,300,1,GS
3.53,0.875,0.916,0.948,0.872,0,0.496,0.03,0.0,0.869,0.316,0.174,0.04,0.34,0.884,0.19,0.0073,0.398,0.904,0.0,0.381,Accounting,FAMSS,300,2,GS
1.52,0.653,0.41,0.537,0.548,0,0.331,0.344,0.464,0.571,0.609,-0.002,-0.103,0.018,0.356,-0.25,0.0424,0.581,0.268,0.0,0.194,History and International Relations,FAMSS,200,1,NGS
2.35,0.853,0.757,1.0,0.737,0,0.528,0.163,0.541,0.621,0.714,0.118,0.128,-0.212,0.8,0.19,0.021,0.38,0.502,0.0,0.495,Architecture,FES,100,2,GS
3.0,0.562,0.553,0.553,0.437,0,1.0,0.04,0.312,0.0,0.574,0.224,-0.124,0.067,0.593,0.33,-0.0338,0.519,0.28,0.0,0.864,Computer Engineering,FNAS,200,1,GS
2.22,0.545,0.443,0.601,0.544,2,0.625,0.205,0.769,0.386,0.659,-0.014,0.049,0.038,0.351,0.49,-0.0432,0.598,0.479,0.095,0.35,Software Engineering,FNAS,200,1,GS
3.39,1.0,0.986,0.941,0.44,0,0.747,0.082,0.662,0.329,0.649,0.252,-0.049,0.412,0.698,0.02,-0.0157,0.692,0.996,0.0,0.838,History and International Relations,FAMSS,100,1,GS
2.48,0.037,0.166,0.358,0.115,6,0.286,0.298,0.609,0.769,0.107,-0.088,0.099,0.338,0.0,-0.15,0.1278,0.0,0.0,0.247,0.379,Computer Engineering,FNAS,300,1,GS
2.72,0.406,0.499,0.45,0.372,1,0.522,0.279,0.47,0.518,0.424,0.085,0.225,0.15,0.6,0.38,0.009,0.488,0.064,0.0,0.314,Computer Science,FNAS,200,2,GS
2.93,0.266,0.275,0.303,0.041,3,0.766,0.51,0.582,0.215,0.896,0.135,0.11,-0.094,0.437,-0.08,-0.0363,0.19,0.077,0.0,0.339,Computer Science,FNAS,100,1,GS
1.81,0.17,0.122,0.451,0.402,2,0.49,0.487,0.201,0.0,0.0,0.019,0.014,-0.231,0.0,-0.34,0.0263,0.383,0.171,0.102,0.249,Nursing,FBMS,100,1,NGS
2.94,0.745,0.348,0.471,0.524,1,0.727,0.259,0.412,0.356,0.389,0.252,0.205,0.187,0.431,0.02,-0.0522,0.301,0.244,0.036,0.536,Architecture,FES,100,2,GS
2.92,1.0,1.0,1.0,1.0,0,0.364,0.051,0.224,0.27,0.303,0.027,0.047,0.25,1.0,0.17,-0.0765,0.696,1.0,0.029,0.463,Physics and Electronics,FNAS,300,1,GS
1.91,0.421,0.208,0.512,0.475,0,0.463,0.144,0.217,0.425,0.618,0.09,0.134,-0.014,0.442,0.13,-0.0651,0.228,0.17,0.0,0.083,Quantity Surveying,FES,400,1,GS
2.22,0.697,0.49,0.665,0.805,1,0.63,0.219,0.631,0.165,0.353,0.194,-0.074,0.036,0.426,-0.29,-0.0897,0.572,0.227,0.052,0.44,History and International Relations,FAMSS,100,1,GS
3.01,0.543,0.603,0.522,0.547,2,0.439,0.018,0.566,0.634,0.395,0.037,0.096,-0.039,0.521,-0.27,-0.0125,0.245,0.294,0.114,0.431,Industrial Chemistry,FNAS,100,1,GS
2.47,1.0,0.809,0.901,0.675,0,0.547,0.183,0.37,0.821,0.473,0.058,0.129,0.128,1.0,0.34,-0.1271,0.695,0.923,0.083,0.262,Estate Management,FES,200,1,GS
2.53,1.0,0.762,1.0,0.957,0,0.675,0.343,0.469,0.616,0.564,0.271,-0.071,-0.084,0.831,0.03,-0.0236,0.0,0.71,0.0,0.568,Industrial Chemistry,FNAS,100,2,GS
2.59,0.363,0.0,0.296,0.27,4,0.231,0.448,0.315,0.487,0.549,-0.067,0.009,-0.079,0.167,0.07,0.0182,0.106,0.0,0.066,0.134,Economics,FAMSS,100,2,GS
3.12,0.758,0.77,0.859,0.604,0,0.704,0.482,1.0,0.287,0.693,-0.075,-0.303,0.005,0.62,-0.08,-0.0658,0.318,0.518,0.066,0.525,Nursing,FBMS,400,2,GS
3.29,0.833,0.725,0.797,1.0,2,0.743,0.158,0.241,0.555,0.601,0.055,-0.148,-0.148,0.914,-0.24,-0.0028,0.293,0.467,0.029,0.621,Industrial Chemistry,FNAS,400,2,GS
2.88,0.842,1.0,1.0,0.901,0,0.534,0.351,0.514,0.728,0.435,-0.086,0.318,0.211,0.927,0.35,-0.057,0.098,0.791,0.0,0.325,Accounting,FAMSS,300,1,GS
3.44,0.734,0.681,0.717,0.836,0,0.735,0.271,0.284,0.488,0.769,0.316,-0.183,-0.053,0.569,0.36,0.0719,0.0,0.518,0.0,0.626,History and International Relations,FAMSS,200,1,GS
3.68,0.0,0.092,0.35,0.003,2,0.598,0.065,0.545,0.46,0.351,0.145,-0.076,0.081,0.0,-0.42,0.0511,0.404,0.134,0.0,0.606,Biochemistry,FNAS,200,1,GS
2.4,0.638,0.511,0.615,0.34,1,0.345,0.043,0.391,0.114,0.258,0.242,0.005,0.024,0.626,0.02,0.029,0.436,0.325,0.076,0.0,Computer Science,FNAS,100,1,GS
2.18,0.611,0.599,0.678,0.235,2,0.783,0.459,0.601,0.31,0.662,0.236,0.159,0.074,0.436,0.06,0.0235,0.511,0.254,0.189,0.113,Information Technology,FNAS,100,2,GS
1.68,0.42,0.003,0.469,0.428,3,0.19,0.539,0.356,0.502,0.047,0.157,-0.409,-0.009,0.329,0.31,0.0535,0.074,0.06,0.225,0.124,Business Administration,FAMSS,200,2,NGS
3.21,0.74,0.849,0.599,0.408,2,0.493,0.049,0.62,0.081,0.422,-0.094,0.0,-0.147,0.555,-0.05,0.0066,0.393,0.713,0.0,0.372,Quantity Surveying,FES,100,2,GS
3.01,0.499,0.5,0.551,0.491,2,0.342,0.03,0.267,0.561,0.215,-0.211,-0.033,-0.109,0.535,-0.6,0.0354,0.163,0.317,0.0,0.315,Criminology and Security Studies,FAMSS,400,2,NGS
3.32,0.567,0.439,0.631,0.378,1,0.884,0.0,0.409,0.548,0.687,-0.1,0.233,0.151,0.749,0.25,-0.0673,0.443,0.112,0.004,1.0,Information Technology,FNAS,400,1,GS
2.68,0.531,0.574,0.465,0.377,2,0.33,0.338,0.28,0.47,0.75,-0.002,-0.041,0.278,0.535,-0.25,0.059,0.603,0.085,0.035,0.285,Quantity Surveying,FES,100,1,GS
3.03,0.858,0.792,0.902,0.778,1,1.0,0.093,0.305,0.557,0.749,-0.161,0.163,0.109,0.551,0.42,-0.127,0.422,0.684,0.0,1.0,Software Engineering,FNAS,300,1,GS
3.04,0.724,0.603,0.732,0.712,0,0.509,0.415,0.0,0.067,1.0,0.03,0.219,-0.156,0.617,0.14,-0.0472,0.224,0.491,0.016,0.62,Public Health,FBMS,400,2,GS
3.08,0.698,0.856,0.905,0.691,0,0.587,0.03,0.316,0.387,0.379,0.074,0.351,0.018,0.689,0.29,-0.0489,0.478,0.562,0.0,0.442,Architecture,FES,100,2,GS
3.28,0.92,0.772,0.843,0.63,2,0.297,0.0,0.162,0.214,0.406,-0.111,0.135,-0.086,0.673,0.31,-0.0132,0.288,0.783,0.085,0.274,History and International Relations,FAMSS,100,1,GS
2.45,0.702,0.534,0.517,0.555,0,0.447,0.15,0.595,0.66,0.789,0.312,0.16,0.027,0.385,0.45,-0.0474,0.343,0.487,0.032,0.467,Economics,FAMSS,100,1,GS
2.59,0.45,0.354,0.599,0.526,1,0.444,0.478,0.196,0.093,0.138,0.043,0.195,-0.095,0.405,0.18,0.0007,0.363,0.13,0.008,0.208,Industrial Chemistry,FNAS,200,2,GS
2.41,0.919,0.612,0.833,1.0,0,0.538,0.306,0.513,0.463,0.209,0.224,0.376,0.182,0.639,-0.01,0.0586,0.763,0.656,0.084,0.213,Industrial Chemistry,FNAS,100,2,GS
1.88,0.11,0.389,0.585,0.0,4,0.334,0.599,0.087,0.552,0.133,-0.121,-0.141,-0.107,0.07,-0.17,0.0235,0.22,0.088,0.224,0.079,Health Information Management,FBMS,100,2,NGS
2.14,0.57,0.556,0.583,0.284,1,0.296,0.193,0.427,0.154,0.581,-0.263,0.457,0.256,0.438,-0.27,0.0083,0.638,0.335,0.159,0.287,Mathematics,FNAS,100,1,GS
3.28,0.776,0.591,0.664,0.39,0,0.571,0.168,0.401,0.686,0.544,0.139,0.007,0.021,0.598,0.21,0.0687,0.589,0.45,0.0,0.318,History and International Relations,FAMSS,100,2,GS
2.96,0.976,0.663,0.851,0.606,0,0.505,0.144,0.855,0.295,0.842,-0.026,-0.179,-0.064,0.438,0.41,-0.0654,0.088,0.831,0.0,0.21,Information Technology,FNAS,100,2,GS
2.47,0.476,0.735,0.769,0.644,0,0.618,0.088,0.358,0.24,0.431,0.063,0.017,-0.051,0.562,-0.12,-0.0086,0.201,0.212,0.0,0.408,Computer Engineering,FNAS,500,1,GS
2.38,0.602,0.252,0.48,0.477,1,0.0,0.274,0.0,0.226,0.173,-0.069,0.228,-0.094,0.454,0.06,0.0653,0.448,0.145,0.087,0.0,Accounting,FAMSS,200,2,NGS
2.59,0.844,0.681,0.621,0.556,0,0.637,0.285,0.254,0.221,0.308,-0.234,0.031,-0.057,0.717,0.04,-0.0217,0.682,0.544,0.0,0.512,Accounting,FAMSS,100,2,GS
2.94,0.373,0.505,0.221,0.214,0,0.347,0.409,0.302,0.013,0.445,-0.041,0.19,-0.246,0.281,0.06,0.0629,0.488,0.054,0.041,0.11,Accounting,FAMSS,100,2,GS
2.24,0.447,0.823,0.695,0.403,2,0.446,0.343,0.406,0.174,0.361,0.338,-0.064,-0.003,0.275,-0.24,-0.0238,0.723,0.4,0.121,0.192,Information Technology,FNAS,100,2,GS
3.24,0.691,0.712,0.506,0.714,0,0.411,0.0,0.535,0.631,0.908,0.144,-0.102,-0.023,0.518,0.29,-0.0555,0.43,0.453,0.05,0.487,Public Health,FBMS,100,1,GS
3.56,0.888,0.43,0.741,0.863,1,0.689,0.003,0.644,0.497,0.734,-0.076,0.104,0.161,0.43,-0.36,-0.0319,0.298,0.541,0.056,0.589,Estate Management,FES,100,1,GS
2.69,0.853,0.63,0.753,0.721,0,0.387,0.132,0.241,0.328,0.407,0.088,-0.037,0.11,0.857,-0.05,-0.0894,0.205,0.543,0.115,0.445,Physics and Electronics,FNAS,200,1,GS
1.89,0.627,0.445,0.508,0.415,0,0.5,0.361,0.473,0.221,0.218,0.108,0.028,0.005,0.415,-0.46,0.0651,0.0,0.274,0.0,0.223,Mathematics,FNAS,100,1,NGS
2.76,1.0,0.726,0.771,0.801,0,0.96,0.045,0.791,0.912,0.509,-0.01,-0.11,-0.006,0.717,-0.39,-0.1026,0.585,0.694,0.0,0.894,Computer Science,FNAS,100,2,GS
2.49,0.661,0.662,0.485,0.625,3,0.68,0.291,0.265,0.519,0.723,0.149,0.209,0.062,0.529,0.6,0.0381,0.307,0.421,0.171,0.448,Information Technology,FNAS,100,1,GS
3.65,0.658,0.715,0.819,0.678,1,0.585,0.052,0.166,0.663,0.377,0.015,-0.009,0.166,0.549,0.21,-0.0624,0.549,0.311,0.0,0.259,Cybersecurity,FNAS,100,2,GS
3.36,0.674,0.865,0.728,0.764,0,0.718,0.256,0.155,0.806,0.64,-0.292,-0.096,0.105,0.624,0.45,-0.0297,0.364,0.565,0.0,0.343,Quantity Surveying,FES,100,2,GS
2.17,0.632,0.32,0.686,0.543,0,0.532,0.565,0.109,0.146,0.0,0.049,-0.141,-0.18,0.31,-0.23,0.1143,0.0,0.142,0.0,0.328,Information Technology,FNAS,200,1,NGS
2.87,0.696,0.518,0.506,0.633,0,0.402,0.038,0.329,0.363,0.567,-0.207,-0.085,0.039,1.0,-0.2,-0.0866,0.405,0.361,0.0,0.382,Quantity Surveying,FES,200,1,GS
2.14,0.932,0.651,0.958,0.954,0,0.816,0.287,0.941,0.48,0.398,0.245,0.253,0.01,0.798,0.37,-0.0472,0.591,0.645,0.028,0.376,Business Administration,FAMSS,200,1,GS
2.67,1.0,0.997,0.989,1.0,0,0.749,0.086,0.095,0.254,0.542,-0.136,0.081,0.103,0.789,0.25,0.0767,0.448,1.0,0.053,0.871,Computer Science,FNAS,300,1,GS
3.22,0.586,0.559,0.714,0.442,2,0.528,0.369,0.18,0.504,0.538,0.061,-0.044,0.058,0.665,0.23,-0.062,0.343,0.245,0.037,0.136,Economics,FAMSS,300,2,GS
2.08,0.631,1.0,0.9,0.929,1,0.75,0.298,0.039,0.619,0.929,-0.029,0.102,0.026,0.982,-0.29,-0.0544,0.162,0.677,0.0,0.556,Health Information Management,FBMS,200,2,GS
3.09,0.494,0.755,0.734,0.418,0,0.76,0.163,0.164,0.69,0.571,0.242,-0.158,-0.063,0.584,0.02,0.0492,0.974,0.541,0.0,0.741,Computer Engineering,FNAS,200,2,GS
2.34,0.672,0.699,0.585,0.603,0,0.936,0.037,0.862,0.108,0.541,-0.049,0.025,0.13,0.47,0.15,0.0297,0.383,0.497,0.003,0.994,Computer Science,FNAS,300,1,GS
2.59,0.578,0.62,0.538,0.692,1,0.552,0.21,0.485,0.648,0.555,0.064,0.081,0.031,0.696,-0.19,0.0387,0.565,0.342,0.049,0.233,Business Administration,FAMSS,100,1,GS
2.02,0.679,0.813,0.987,0.763,1,0.141,0.259,0.718,0.0,0.378,0.057,-0.114,0.351,0.682,0.06,-0.036,0.443,0.536,0.055,0.174,Computer Science,FNAS,200,2,GS
3.86,0.492,0.701,0.623,0.69,1,0.77,0.0,0.368,0.357,0.437,0.127,-0.082,0.126,0.494,0.26,-0.0496,0.55,0.417,0.012,0.655,Computer Engineering,FNAS,100,1,GS
1.92,0.281,0.266,0.383,0.301,2,0.612,0.03,0.125,0.351,0.073,-0.027,-0.163,-0.052,0.1,-0.19,0.0128,0.288,0.024,0.099,0.608,Economics,FAMSS,100,2,NGS
2.98,0.625,0.347,0.767,0.599,0,0.003,0.328,0.359,0.414,0.369,0.114,0.098,-0.168,0.294,-0.05,-0.0068,0.393,0.226,0.013,0.211,Business Administration,FAMSS,300,2,GS
2.81,0.627,0.599,0.767,0.429,0,0.506,0.289,0.379,0.069,0.693,-0.112,-0.141,-0.28,0.785,0.07,-0.0615,0.0,0.298,0.081,0.43,Accounting,FAMSS,200,2,GS
2.33,0.497,0.593,0.571,0.527,0,0.676,0.209,0.542,0.177,0.77,0.119,0.239,0.12,0.089,-0.08,-0.0466,0.261,0.273,0.019,0.534,Business Administration,FAMSS,100,1,GS
1.78,0.351,0.43,0.392,0.295,3,0.925,0.622,0.281,0.315,0.651,0.064,-0.314,-0.008,0.443,-0.02,-0.0565,0.433,0.0,0.198,0.452,English and Communication,FAMSS,300,2,GS
2.3,0.273,0.109,0.162,0.152,2,0.074,0.331,0.378,0.464,0.47,-0.065,-0.065,-0.121,0.615,0.12,-0.0155,0.0,0.0,0.115,0.0,Industrial Chemistry,FNAS,100,1,GS
2.06,0.763,0.394,0.933,0.437,1,0.764,0.445,0.728,0.661,0.551,0.142,0.362,0.13,0.422,0.72,-0.0151,0.441,0.298,0.041,0.415,Business Administration,FAMSS,300,2,GS
2.69,0.564,0.312,0.821,0.577,1,0.428,0.294,0.0,0.559,0.394,-0.059,-0.143,-0.178,0.476,0.08,0.0535,0.279,0.122,0.0,0.272,Accounting,FAMSS,300,2,GS
2.65,0.806,0.688,0.762,0.94,0,0.53,0.359,0.372,0.688,0.553,0.334,0.283,-0.047,0.546,-0.1,-0.0148,0.626,0.723,0.0,0.18,Doctor of Physiotherapy,FBMS,200,2,GS
1.81,0.5,0.367,0.5,0.093,0,0.221,0.447,0.082,0.19,0.22,0.101,-0.339,-0.231,0.336,-0.24,0.0418,0.245,0.284,0.022,0.305,English and Communication,FAMSS,200,2,NGS
3.16,0.909,0.846,0.744,0.601,1,0.845,0.391,0.694,0.619,0.627,0.072,0.044,0.109,1.0,-0.34,-0.1005,0.415,0.817,0.041,0.571,Quantity Surveying,FES,100,1,GS
3.91,0.894,0.653,0.833,0.404,0,0.622,0.376,0.236,0.365,1.0,0.047,0.103,-0.005,0.825,-0.45,-0.0687,0.75,0.579,0.0,0.437,Biochemistry,FNAS,200,2,GS
2.22,0.627,0.671,0.562,0.636,1,0.586,0.406,0.0,0.488,0.46,0.278,0.09,0.193,0.52,0.37,0.001,0.3,0.417,0.054,0.303,Public Health,FBMS,200,1,GS
4.33,0.78,0.929,0.984,0.969,0,0.365,0.03,0.505,0.388,0.883,-0.007,0.069,0.199,1.0,-0.08,0.0388,0.432,0.643,0.032,0.215,Physics and Electronics,FNAS,200,2,GS
2.55,0.559,0.681,0.512,0.791,1,0.67,0.263,0.771,0.762,1.0,0.095,0.107,0.066,0.919,0.24,0.13,0.319,0.312,0.058,0.525,Health Information Management,FBMS,100,2,GS
2.62,0.16,0.245,0.189,0.065,5,0.622,0.515,0.367,0.186,0.548,0.064,0.001,0.046,0.211,-0.23,0.0095,0.0,0.0,0.228,0.352,Computer Engineering,FNAS,200,1,GS
1.76,0.257,0.215,0.228,0.236,2,0.416,0.684,0.0,0.0,0.0,-0.043,-0.059,-0.081,0.375,-0.26,0.0773,0.319,0.0,0.153,0.172,Computer Engineering,FNAS,100,2,NGS
2.75,0.774,0.939,0.929,0.878,0,0.497,0.308,0.492,0.814,0.547,-0.192,0.178,0.171,0.934,0.14,-0.0928,0.446,0.601,0.045,0.435,Health Information Management,FBMS,400,2,GS
2.17,0.593,0.349,0.529,0.073,1,0.269,0.505,0.035,0.0,0.334,-0.063,-0.089,-0.143,0.497,-0.55,0.0122,0.005,0.189,0.02,0.0,Cybersecurity,FNAS,300,1,NGS
2.11,0.652,0.409,0.558,0.228,0,0.481,0.03,0.384,0.574,0.55,-0.029,0.135,-0.231,0.648,0.33,0.0408,0.262,0.277,0.0,0.498,Physics and Electronics,FNAS,300,2,GS
1.61,0.475,0.431,0.343,0.341,1,0.592,0.012,0.5,0.561,0.278,0.032,0.153,-0.122,0.221,0.48,0.0379,0.12,0.333,0.138,0.378,Architecture,FES,100,1,GS
2.88,0.485,0.235,0.235,0.48,1,0.875,0.389,0.43,0.425,0.563,0.019,0.209,0.319,0.757,-0.2,-0.0244,0.695,0.164,0.023,0.702,Information Technology,FNAS,200,1,GS
2.04,0.732,0.622,0.49,0.429,0,0.566,0.157,0.62,0.635,0.323,0.19,0.124,0.035,0.563,0.14,0.0258,0.735,0.473,0.076,0.525,Mathematics,FNAS,100,1,GS
3.21,0.572,0.795,0.737,0.742,3,0.86,0.359,0.0,0.35,0.388,0.234,-0.049,0.006,0.675,-0.03,-0.0368,0.07,0.399,0.042,0.553,Business Administration,FAMSS,100,1,GS
2.25,0.867,0.487,0.665,0.422,2,0.637,0.044,0.4,0.304,0.556,0.367,0.172,0.207,0.429,0.59,-0.0383,0.477,0.294,0.072,0.597,Doctor of Physiotherapy,FBMS,100,1,GS
2.92,0.763,0.762,0.685,0.639,3,0.678,0.0,0.154,0.041,0.548,0.033,0.184,0.081,0.784,0.09,-0.046,0.374,0.607,0.117,0.887,Estate Management,FES,100,1,GS
3.03,0.83,0.564,0.839,0.611,0,0.645,0.426,0.048,0.211,0.615,0.253,-0.065,0.103,0.816,0.36,0.0534,1.0,0.433,0.026,0.347,Information Technology,FNAS,200,2,GS
3.03,0.824,0.837,0.92,0.762,0,0.446,0.03,0.393,0.255,0.523,-0.232,0.239,0.137,0.702,0.09,-0.1017,0.061,0.672,0.082,0.355,Computer Science,FNAS,100,2,GS
2.12,0.662,0.639,0.592,0.545,1,0.503,0.137,0.539,0.132,0.768,-0.115,0.322,-0.119,0.815,-0.04,-0.0635,0.0,0.387,0.091,0.419,History and International Relations,FAMSS,100,1,GS
2.27,0.441,0.311,0.592,0.176,2,0.904,0.09,0.29,0.185,0.657,-0.023,0.037,-0.186,0.142,-0.35,0.0281,0.475,0.158,0.032,0.503,Health Information Management,FBMS,200,1,GS
3.2,0.785,0.734,0.832,1.0,0,0.681,0.08,0.929,0.43,0.688,0.104,0.103,0.027,0.63,-0.35,0.1084,0.592,0.556,0.002,0.418,Economics,FAMSS,100,1,GS
3.23,0.316,0.472,0.478,0.444,1,0.357,0.482,0.145,0.235,0.344,0.035,-0.097,-0.001,0.601,0.26,0.0442,0.411,0.178,0.0,0.199,Quantity Surveying,FES,400,2,GS
2.31,0.933,0.738,0.729,0.735,0,0.587,0.064,0.478,0.952,0.862,-0.016,-0.132,-0.112,0.794,0.05,0.0651,0.487,0.727,0.0,0.654,Health Information Management,FBMS,300,2,GS
3.21,0.21,0.3,0.23,0.531,3,0.494,0.278,0.271,0.275,0.024,-0.073,0.171,-0.149,0.092,0.06,0.0061,0.279,0.046,0.091,0.499,Architecture,FES,200,2,GS
2.47,0.787,0.62,0.858,0.909,1,0.537,0.215,0.872,0.524,0.894,-0.098,-0.366,0.251,0.66,0.57,-0.0312,0.581,0.315,0.014,0.397,Public Health,FBMS,100,1,GS
2.03,0.868,0.817,0.827,0.913,0,0.577,0.162,0.286,0.836,1.0,0.232,0.314,-0.018,0.836,0.27,0.027,0.692,0.629,0.079,0.516,Business Administration,FAMSS,300,2,GS
1.74,0.027,0.284,0.431,0.038,1,0.563,0.161,0.314,0.103,0.579,-0.253,-0.162,0.186,0.341,-0.08,-0.0209,0.423,0.0,0.15,0.493,Quantity Surveying,FES,100,1,NGS
2.86,0.798,0.617,0.735,0.615,0,0.727,0.035,0.81,0.59,0.427,0.403,-0.003,0.1,0.651,0.26,0.0436,0.729,0.48,0.009,0.703,Quantity Surveying,FES,200,1,GS
2.84,0.422,0.685,0.48,0.741,0,0.576,0.201,0.511,0.557,0.558,-0.073,-0.23,0.172,0.617,0.23,-0.0721,0.414,0.197,0.0,0.579,Biochemistry,FNAS,100,2,GS
2.73,0.642,1.0,1.0,0.604,0,0.522,0.231,0.78,0.098,0.549,0.186,0.1,0.362,0.609,-0.52,0.0121,0.497,0.749,0.037,0.457,Economics,FAMSS,100,2,GS
3.91,0.896,0.605,0.852,0.934,0,0.292,0.182,0.445,0.699,0.378,0.039,-0.286,-0.043,0.598,0.45,-0.0695,0.746,0.56,0.0,0.21,Public Health,FBMS,300,1,GS
2.25,0.557,0.719,0.76,0.437,0,0.636,0.219,0.445,0.563,0.721,0.087,0.025,-0.086,0.529,-0.2,-0.1301,0.774,0.52,0.01,0.507,History and International Relations,FAMSS,200,2,GS
2.0,0.393,0.357,0.447,0.482,0,0.264,0.529,0.158,0.502,0.152,-0.281,0.087,0.027,0.425,0.01,-0.0924,0.369,0.054,0.0,0.0,Estate Management,FES,200,2,GS
1.57,0.384,0.267,0.246,0.133,1,0.538,0.265,0.29,0.192,0.453,0.02,-0.054,-0.392,0.114,-0.35,0.0226,0.298,0.088,0.094,0.596,Architecture,FES,100,1,NGS
2.78,0.52,0.545,0.585,0.561,0,0.662,0.33,0.569,0.475,0.646,0.119,0.127,0.308,0.485,0.31,0.0591,0.823,0.424,0.0,0.281,English and Communication,FAMSS,200,1,GS
2.65,0.743,0.65,0.713,0.612,1,0.603,0.225,0.457,0.796,0.587,0.244,-0.08,0.199,0.663,0.22,0.0164,0.365,0.63,0.0,0.622,Public Health,FBMS,100,1,GS
2.39,0.92,0.522,0.566,0.491,0,0.736,0.08,0.505,0.689,0.789,-0.044,0.049,0.149,0.994,-0.26,-0.0053,0.246,0.506,0.0,0.65,Quantity Surveying,FES,100,2,GS
2.44,0.353,0.188,0.501,0.0,2,0.567,0.447,0.468,0.59,0.433,0.146,-0.193,0.397,0.459,-0.36,0.0063,0.24,0.035,0.135,0.36,Computer Engineering,FNAS,200,1,GS
4.02,0.824,0.887,0.784,0.991,0,0.826,0.098,0.661,0.346,0.6,0.026,-0.127,-0.07,0.812,-0.15,-0.0578,0.145,0.716,0.015,0.787,Estate Management,FES,100,2,GS
2.5,0.373,0.52,0.58,0.439,7,0.732,0.269,0.0,0.0,0.148,-0.079,-0.094,0.091,0.464,0.0,0.0559,0.362,0.013,0.174,0.695,Software Engineering,FNAS,200,2,GS
2.82,0.496,0.102,0.239,0.288,2,0.854,0.217,0.538,0.315,0.565,0.003,0.085,-0.131,0.147,0.2,0.1246,0.409,0.0,0.097,0.546,Architecture,FES,200,1,GS
1.5,0.405,0.604,0.306,0.38,1,0.427,0.319,0.216,0.257,0.405,-0.159,-0.231,0.074,0.33,-0.28,0.081,0.079,0.213,0.016,0.489,Biochemistry,FNAS,400,1,NGS
3.22,0.924,1.0,0.949,1.0,1,0.659,0.092,0.1,0.381,0.418,-0.003,-0.292,-0.102,1.0,0.04,-0.0096,0.514,0.814,0.0,0.561,Mathematics,FNAS,100,2,GS
2.66,0.429,0.509,0.619,0.601,2,0.778,0.225,0.39,0.758,0.823,0.258,-0.071,0.1,0.428,-0.46,-0.0366,0.409,0.232,0.156,0.701,Information Technology,FNAS,100,1,GS
1.29,0.485,0.311,0.372,0.32,1,0.619,0.414,0.814,0.305,0.574,0.207,-0.013,-0.09,0.131,0.03,-0.0165,0.07,0.113,0.112,0.273,Cybersecurity,FNAS,100,1,NGS
2.52,0.457,0.537,0.315,0.482,0,0.438,0.096,0.333,0.451,0.836,0.086,-0.04,0.109,0.455,0.37,-0.0239,0.116,0.484,0.011,0.363,Cybersecurity,FNAS,200,1,GS
3.07,0.715,0.746,0.995,0.533,2,0.663,0.509,0.579,0.447,0.143,-0.171,-0.022,-0.085,0.559,0.24,0.0237,0.051,0.539,0.022,0.478,History and International Relations,FAMSS,100,2,GS
2.9,0.882,0.836,1.0,0.988,0,0.476,0.048,0.668,0.629,0.897,-0.228,0.128,0.142,0.75,0.05,-0.0614,0.53,0.814,0.0,0.415,Mathematics,FNAS,100,1,GS
2.37,0.456,0.643,0.386,0.514,1,0.584,0.508,0.162,0.542,0.262,0.024,0.008,0.138,0.455,-0.02,-0.0936,0.45,0.464,0.101,0.444,Public Health,FBMS,100,1,GS
3.31,0.802,0.77,0.857,0.63,2,0.634,0.065,0.51,0.836,0.546,0.075,-0.01,-0.137,0.801,0.45,-0.0258,0.716,0.53,0.013,0.658,Estate Management,FES,100,2,GS
1.29,0.143,0.059,0.186,0.346,1,0.45,0.411,0.065,0.134,0.444,-0.384,-0.077,-0.092,0.149,-0.35,0.0442,0.077,0.0,0.044,0.375,Economics,FAMSS,100,1,NGS
1.94,0.116,0.251,0.204,0.128,6,0.919,0.638,0.229,0.17,0.141,-0.129,-0.47,-0.102,0.169,0.12,0.1186,0.423,0.147,0.273,0.334,Accounting,FAMSS,100,1,NGS
0.97,0.646,0.491,0.604,0.395,1,0.415,0.211,0.456,0.505,0.656,-0.12,-0.268,-0.308,0.274,0.46,0.0152,0.234,0.449,0.023,0.234,Biochemistry,FNAS,200,2,NGS
2.24,0.496,0.653,0.366,0.34,2,0.509,0.426,0.087,0.317,0.34,-0.136,0.023,-0.095,0.337,-0.21,0.0032,0.612,0.254,0.044,0.279,Industrial Chemistry,FNAS,100,2,GS
2.85,0.919,0.969,1.0,0.76,0,0.688,0.033,0.691,0.397,0.645,0.048,0.186,0.071,0.75,0.12,-0.0424,0.44,0.976,0.0,0.669,Cybersecurity,FNAS,400,1,GS
3.22,0.455,0.605,0.785,0.653,1,0.633,0.095,0.529,0.399,0.549,-0.042,0.112,-0.274,0.494,-0.09,-0.021,0.758,0.532,0.0,0.537,Estate Management,FES,300,2,GS
1.54,0.761,0.495,0.713,0.861,0,0.402,0.03,0.779,0.445,0.525,0.263,0.19,0.424,0.716,0.4,-0.0392,0.121,0.269,0.009,0.027,English and Communication,FAMSS,200,2,GS
3.44,0.461,0.497,0.785,0.757,0,0.678,0.288,0.522,0.36,0.578,-0.065,-0.054,-0.254,0.827,0.23,-0.0417,0.393,0.078,0.0,0.366,Physics and Electronics,FNAS,100,2,GS
2.08,0.761,0.92,0.507,0.578,1,0.253,0.15,0.288,0.0,0.71,0.256,-0.066,0.028,0.769,0.23,0.0296,0.734,0.866,0.09,0.187,History and International Relations,FAMSS,300,1,GS
2.73,0.387,0.467,0.59,0.475,1,0.502,0.0,0.319,0.26,0.478,-0.091,0.105,-0.239,0.509,-0.4,0.0754,0.238,0.153,0.0,0.729,Health Information Management,FBMS,200,1,NGS
3.27,0.967,0.768,0.974,1.0,0,0.317,0.148,0.53,0.516,0.663,-0.082,0.125,0.032,0.729,0.32,0.0057,0.334,0.738,0.154,0.449,Business Administration,FAMSS,300,1,GS
3.5,0.673,0.438,0.451,0.591,1,0.311,0.24,0.28,0.114,0.318,-0.077,0.183,-0.265,0.386,-0.26,0.0285,0.34,0.339,0.0,0.17,Nursing,FBMS,100,1,GS
3.18,0.605,0.79,0.836,0.874,1,0.851,0.0,0.498,0.61,0.47,0.134,0.018,0.074,0.811,0.11,0.0753,0.068,0.356,0.029,0.912,Software Engineering,FNAS,100,1,GS
2.99,0.816,0.572,0.693,0.596,0,0.478,0.227,0.285,0.581,0.578,-0.131,0.091,0.202,0.738,-0.0,0.0523,0.781,0.71,0.013,0.551,Doctor of Physiotherapy,FBMS,300,2,GS
1.54,0.364,0.442,0.692,0.528,2,1.0,0.184,0.256,0.589,1.0,0.28,0.141,0.234,0.507,0.27,-0.0512,0.807,0.273,0.148,0.782,Criminology and Security Studies,FAMSS,400,1,GS
2.49,0.678,0.513,0.382,0.249,0,0.425,0.588,0.406,0.79,0.564,-0.013,0.194,0.077,0.459,0.01,-0.0482,0.446,0.232,0.024,0.364,Physics and Electronics,FNAS,200,2,GS
3.51,0.711,0.115,0.573,0.338,0,0.035,0.494,0.0,0.491,0.636,0.109,0.001,0.065,0.414,0.25,-0.0561,0.155,0.275,0.042,0.081,Criminology and Security Studies,FAMSS,300,2,GS
2.19,0.864,0.658,0.845,0.741,0,0.839,0.288,0.608,0.315,0.626,-0.064,-0.042,0.073,0.502,0.17,0.0018,0.626,0.593,0.156,0.665,Computer Science,FNAS,200,2,GS
2.35,0.594,0.312,0.486,0.189,2,0.437,0.379,0.444,0.702,0.383,0.284,0.035,-0.03,0.259,-0.03,-0.0862,0.604,0.271,0.029,0.35,Nursing,FBMS,200,1,GS
1.92,0.634,0.567,0.676,0.602,1,0.211,0.161,0.058,0.038,0.172,-0.258,0.024,-0.35,0.307,0.07,0.0518,0.0,0.392,0.04,0.269,Business Administration,FAMSS,100,1,NGS
3.11,0.414,0.715,0.68,0.628,1,0.789,0.146,0.411,0.382,0.714,-0.102,-0.004,-0.024,0.568,-0.2,-0.0676,0.567,0.111,0.04,0.912,Software Engineering,FNAS,200,2,GS
3.56,0.399,0.0,0.414,0.0,1,0.177,0.141,0.283,0.539,0.742,0.091,-0.089,0.164,0.163,0.3,0.047,0.438,0.227,0.0,0.154,Public Health,FBMS,100,1,GS
3.1,0.408,0.619,0.779,0.528,2,0.764,0.056,0.466,0.441,0.497,0.203,-0.107,0.16,0.52,0.12,-0.1012,0.542,0.375,0.0,0.614,Computer Science,FNAS,100,1,GS
3.11,0.721,0.827,0.92,0.715,0,0.363,0.161,0.368,0.686,0.519,0.027,0.081,0.159,0.586,0.12,-0.0189,0.691,0.551,0.076,0.264,Mathematics,FNAS,100,1,GS
3.11,0.199,0.603,0.622,0.482,2,0.528,0.615,0.18,0.119,0.134,-0.146,-0.15,0.1,0.369,0.4,0.1032,0.192,0.0,0.081,0.169,Mathematics,FNAS,100,2,GS
3.48,0.639,0.65,0.847,0.644,1,0.535,0.146,0.834,0.538,0.529,0.028,-0.119,-0.017,0.607,0.06,0.0034,0.753,0.542,0.032,0.506,English and Communication,FAMSS,400,2,GS
3.91,0.68,0.732,0.71,0.7,1,0.859,0.163,0.846,0.188,0.409,0.203,0.005,0.21,0.861,0.24,-0.0576,0.601,0.283,0.054,0.787,Economics,FAMSS,200,1,GS
2.29,0.312,0.389,0.471,0.494,2,0.869,0.304,0.661,0.875,0.836,0.059,-0.111,0.032,0.181,0.31,-0.1057,0.532,0.07,0.077,0.851,English and Communication,FAMSS,100,2,GS
2.31,0.618,0.819,0.809,0.56,2,0.541,0.0,0.195,0.206,0.228,0.253,-0.221,0.008,0.777,0.23,-0.0557,0.265,0.443,0.046,0.634,Criminology and Security Studies,FAMSS,100,1,GS
2.23,0.463,0.242,0.623,0.782,4,0.523,0.0,0.276,0.347,0.726,0.258,0.18,0.191,0.339,0.71,-0.0611,0.62,0.222,0.237,0.491,Computer Science,FNAS,300,1,GS
2.36,0.574,0.658,0.676,0.564,0,0.69,0.269,0.226,0.152,0.27,-0.116,0.15,0.031,0.71,0.02,0.0411,0.419,0.555,0.0,0.63,Health Information Management,FBMS,100,1,GS
3.23,0.566,0.482,0.573,0.615,0,0.8,0.298,0.411,0.661,0.55,0.273,0.254,-0.024,0.728,0.12,-0.0376,0.068,0.207,0.0,0.548,Nursing,FBMS,100,2,GS
1.74,0.128,0.0,0.183,0.0,4,0.222,0.666,0.0,0.137,0.141,0.021,-0.003,-0.342,0.282,-0.47,-0.05,0.187,0.0,0.323,0.158,Nursing,FBMS,200,1,NGS
1.81,0.143,0.302,0.432,0.325,1,0.0,0.552,0.219,0.28,0.397,0.074,0.012,-0.025,0.354,-0.01,0.0653,0.367,0.094,0.157,0.0,Health Information Management,FBMS,300,2,NGS
1.87,0.486,0.423,0.258,0.198,0,0.189,0.492,0.171,0.378,0.571,-0.027,-0.181,0.005,0.302,-0.06,0.007,0.0,0.168,0.0,0.191,Architecture,FES,100,1,NGS
2.55,0.718,0.786,0.69,0.459,0,0.68,0.067,0.251,0.424,0.507,0.095,-0.139,-0.111,0.441,0.13,0.0181,0.586,0.472,0.038,0.859,Nursing,FBMS,200,1,GS
3.75,0.515,0.673,0.53,0.512,1,0.627,0.175,0.469,0.429,0.334,-0.122,0.047,-0.029,0.464,0.23,-0.0487,0.404,0.327,0.057,0.639,Nursing,FBMS,200,1,GS
2.45,0.573,0.615,0.377,0.438,0,0.705,0.0,0.294,0.559,0.741,0.218,0.106,0.075,0.364,0.28,0.0767,0.92,0.311,0.0,0.906,Mathematics,FNAS,100,1,GS
4.27,0.952,0.931,0.786,0.766,0,0.837,0.245,0.857,0.809,0.904,-0.032,0.179,-0.183,0.824,-0.04,0.0216,0.312,0.848,0.071,0.423,Economics,FAMSS,100,2,GS
3.26,0.984,1.0,0.81,0.681,0,0.619,0.246,0.687,0.503,0.738,0.24,-0.067,-0.063,0.916,0.49,-0.0065,0.89,1.0,0.0,0.497,Biochemistry,FNAS,300,1,GS
2.88,0.501,0.738,0.616,0.402,1,0.38,0.487,0.397,0.0,0.613,0.079,-0.107,0.205,0.431,0.43,0.007,0.635,0.325,0.0,0.219,Physics and Electronics,FNAS,100,1,GS
1.44,0.194,0.169,0.473,0.222,3,0.031,0.648,0.204,0.379,0.654,-0.215,0.094,0.101,0.163,-0.58,0.0199,0.293,0.03,0.22,0.046,Accounting,FAMSS,100,2,NGS
2.49,0.383,0.857,0.577,0.653,0,0.348,0.052,0.116,0.431,0.822,0.214,0.357,-0.013,0.942,-0.01,-0.0518,0.441,0.482,0.004,0.416,Computer Science,FNAS,300,2,GS
3.09,0.312,0.414,0.591,0.279,2,0.614,0.024,0.608,0.446,0.617,0.053,-0.022,-0.031,0.49,0.49,-0.0121,0.372,0.179,0.009,0.493,Cybersecurity,FNAS,200,1,GS
1.99,0.388,0.244,0.414,0.559,2,0.317,0.513,0.217,0.0,0.562,-0.207,-0.278,0.295,0.104,0.33,-0.0795,0.599,0.126,0.062,0.286,Software Engineering,FNAS,100,1,NGS
2.83,0.845,0.56,0.531,0.7,1,0.484,0.353,0.341,0.289,0.637,0.11,0.158,0.237,0.671,-0.09,-0.0236,0.518,0.587,0.042,0.383,Computer Engineering,FNAS,100,2,GS
2.6,0.732,0.46,0.692,0.516,0,0.441,0.174,0.478,0.351,0.298,0.114,-0.006,-0.082,0.434,0.52,0.0455,0.0,0.29,0.089,0.423,Criminology and Security Studies,FAMSS,100,2,GS
1.71,0.466,0.317,0.473,0.627,0,0.355,0.468,0.262,0.042,0.328,-0.106,-0.072,0.089,0.475,-0.35,0.1178,0.178,0.152,0.0,0.084,Criminology and Security Studies,FAMSS,200,2,NGS
3.93,0.517,0.233,0.643,0.14,2,0.636,0.282,0.249,0.138,0.178,-0.011,0.143,-0.122,0.581,-0.09,0.0415,0.374,0.063,0.033,0.608,Computer Engineering,FNAS,100,2,GS
2.76,0.247,0.595,0.85,0.341,2,0.401,0.192,0.356,0.562,0.614,0.099,0.074,-0.064,0.801,0.15,-0.0984,0.005,0.255,0.137,0.288,Architecture,FES,400,1,GS
2.38,0.0,0.27,0.163,0.0,3,0.296,0.0,0.768,0.117,0.646,-0.038,-0.03,-0.295,0.228,0.23,-0.0651,0.47,0.0,0.166,0.405,Business Administration,FAMSS,300,1,GS
1.62,0.547,0.562,0.718,0.56,1,0.524,0.104,0.673,0.272,0.513,0.226,0.071,0.159,0.519,0.39,-0.0098,0.335,0.324,0.038,0.305,Estate Management,FES,100,2,GS
1.98,0.256,0.569,0.572,0.171,5,0.252,0.068,0.202,0.417,0.457,-0.368,-0.269,-0.157,0.318,0.08,0.0215,0.521,0.249,0.351,0.312,History and International Relations,FAMSS,300,2,NGS
3.42,1.0,1.0,1.0,0.863,1,0.525,0.164,0.813,0.948,0.331,0.039,-0.152,0.069,0.973,-0.02,0.0401,0.597,0.954,0.076,0.57,Computer Engineering,FNAS,100,1,GS
2.96,0.314,0.488,0.543,0.654,2,0.554,0.155,0.508,0.531,0.687,-0.394,-0.032,0.065,0.205,0.48,0.0124,0.484,0.035,0.0,0.711,Software Engineering,FNAS,100,1,GS
2.96,0.633,0.531,0.769,0.399,0,0.569,0.151,0.844,0.449,0.583,0.144,0.029,0.074,0.538,0.1,-0.0374,0.618,0.273,0.034,0.585,Computer Engineering,FNAS,100,2,GS
2.82,0.413,0.621,0.711,0.36,1,0.545,0.477,0.043,0.551,0.363,0.052,0.05,-0.077,0.38,0.03,-0.0242,0.138,0.321,0.015,0.156,Health Information Management,FBMS,200,2,GS
2.91,0.433,0.191,0.555,0.345,4,0.472,0.303,0.565,0.0,0.589,-0.002,0.209,0.095,0.473,0.37,-0.0634,0.0,0.097,0.028,0.251,Business Administration,FAMSS,200,2,GS
3.07,0.716,0.585,0.556,0.72,0,0.75,0.11,0.438,0.61,0.634,0.025,0.015,0.073,0.909,0.07,-0.0466,0.226,0.577,0.0,0.798,Information Technology,FNAS,300,1,GS
1.95,0.662,0.664,0.623,0.743,0,0.844,0.302,0.473,0.417,0.579,-0.279,0.204,0.168,0.777,0.1,-0.0827,0.604,0.579,0.022,0.593,Cybersecurity,FNAS,100,2,GS
3.58,0.583,0.467,0.648,0.537,1,0.541,0.288,0.41,0.217,0.805,0.283,0.081,0.121,0.504,-0.15,0.0674,0.622,0.229,0.0,0.513,Health Information Management,FBMS,100,2,GS
2.45,0.509,0.543,0.688,0.495,0,0.581,0.0,0.364,0.531,0.99,0.255,0.201,-0.061,0.377,0.19,-0.0779,0.725,0.279,0.0,0.495,Economics,FAMSS,100,1,GS
3.11,0.563,0.644,0.485,0.39,1,0.73,0.156,0.264,0.449,0.57,0.002,0.12,-0.258,0.387,-0.05,-0.0008,0.731,0.335,0.03,0.87,Architecture,FES,300,2,GS
3.69,0.598,0.683,0.607,0.527,0,0.778,0.0,0.456,0.071,0.82,-0.199,-0.074,0.011,0.513,0.3,0.0422,0.409,0.48,0.0,0.695,Public Health,FBMS,200,1,GS
2.52,0.509,0.504,0.49,0.23,1,0.243,0.662,0.376,0.394,0.217,-0.207,-0.318,0.223,0.131,-0.2,0.0783,0.157,0.263,0.0,0.089,Criminology and Security Studies,FAMSS,200,2,NGS
3.07,0.227,0.406,0.577,0.265,1,0.644,0.408,0.113,0.254,0.202,-0.214,0.159,-0.179,0.0,0.07,-0.054,0.454,0.187,0.066,0.325,Quantity Surveying,FES,400,1,GS
2.6,0.52,0.656,0.607,0.364,2,0.568,0.44,0.842,0.223,0.412,0.149,0.002,-0.118,0.093,-0.1,-0.1006,0.134,0.286,0.074,0.313,Software Engineering,FNAS,200,2,GS
2.8,0.254,0.289,0.404,0.208,4,0.664,0.451,0.407,0.275,0.518,0.064,0.028,0.311,0.369,0.67,0.15,0.894,0.091,0.109,0.373,Computer Engineering,FNAS,100,2,GS
2.71,0.85,0.992,0.657,0.785,0,0.375,0.256,0.321,0.283,0.509,0.167,-0.009,0.059,0.601,0.08,-0.0096,0.373,0.943,0.0,0.302,Quantity Surveying,FES,100,2,GS
3.47,0.609,0.277,0.335,0.062,1,0.658,0.163,0.315,0.277,1.0,0.154,0.28,-0.065,0.558,0.22,-0.0427,0.557,0.141,0.0,0.571,History and International Relations,FAMSS,100,2,GS
3.73,0.729,0.434,0.751,0.545,0,0.95,0.254,0.363,0.332,0.851,-0.02,-0.136,0.394,0.234,-0.06,-0.1196,0.778,0.351,0.0,0.554,Computer Engineering,FNAS,200,1,GS
2.48,0.581,0.824,1.0,0.891,2,0.5,0.38,0.756,0.533,1.0,0.207,0.076,-0.139,0.931,-0.39,-0.0855,0.358,0.393,0.008,0.341,Information Technology,FNAS,100,1,GS
2.97,0.112,0.179,0.234,0.27,5,0.396,0.26,0.65,0.267,0.525,-0.043,0.101,0.197,0.379,0.08,0.0036,0.433,0.116,0.062,0.212,Doctor of Physiotherapy,FBMS,300,1,GS
1.12,0.889,0.706,0.756,0.67,1,0.632,0.03,0.228,0.0,0.788,0.401,0.015,0.365,0.613,0.8,-0.0515,0.154,0.823,0.1,0.752,Doctor of Physiotherapy,FBMS,200,2,GS
3.29,0.432,0.648,0.582,0.416,0,0.361,0.911,0.416,0.239,0.327,-0.024,0.132,0.196,0.584,-0.01,0.1113,0.517,0.142,0.037,0.0,Industrial Chemistry,FNAS,100,2,GS
3.08,0.841,0.689,0.798,0.618,0,0.64,0.208,0.002,0.0,0.592,-0.058,0.156,0.16,0.606,-0.04,-0.0335,0.283,0.539,0.0,0.673,Biochemistry,FNAS,200,2,GS
1.44,0.968,0.775,0.986,0.746,0,0.392,0.024,0.244,0.0,0.174,0.438,-0.033,-0.037,0.797,0.2,-0.114,0.389,0.672,0.008,0.28,Software Engineering,FNAS,200,1,GS
2.16,0.714,0.374,0.855,0.524,2,0.622,0.076,0.522,0.069,0.553,0.032,0.392,0.183,0.348,0.29,-0.0293,0.813,0.088,0.045,0.426,Economics,FAMSS,200,2,GS
2.39,0.317,0.215,0.234,0.068,2,0.274,0.27,0.192,0.17,0.36,-0.076,0.033,-0.099,0.0,-0.06,0.0543,0.179,0.0,0.029,0.149,Accounting,FAMSS,300,1,GS
3.4,0.544,0.564,0.94,0.798,2,0.479,0.032,0.101,0.979,0.487,-0.338,-0.071,0.076,0.74,-0.37,0.0142,0.512,0.148,0.045,0.66,Computer Engineering,FNAS,100,2,GS
2.0,0.327,0.397,0.001,0.428,6,0.487,0.449,0.156,0.346,0.289,-0.116,-0.012,-0.127,0.0,0.02,0.0178,0.14,0.05,0.345,0.245,Information Technology,FNAS,100,1,GS
3.26,0.787,0.878,0.705,0.651,0,0.717,0.234,0.112,0.48,0.863,0.309,0.407,0.245,0.936,-0.08,0.0298,0.346,0.61,0.0,0.568,Architecture,FES,200,2,GS
1.95,0.523,0.608,0.79,0.584,2,0.569,0.243,0.29,0.471,0.361,0.328,0.189,0.212,0.674,0.14,-0.106,0.304,0.345,0.106,0.316,Biochemistry,FNAS,100,2,GS
4.08,0.662,0.864,0.622,0.909,0,0.768,0.265,0.545,0.457,0.605,-0.386,-0.177,0.142,0.594,0.16,-0.0465,0.305,0.652,0.0,0.476,Physics and Electronics,FNAS,300,2,GS
2.27,0.574,0.386,0.733,0.536,2,0.58,0.259,0.44,0.384,0.593,0.065,-0.068,-0.137,0.486,0.18,0.0179,0.573,0.248,0.112,0.486,Accounting,FAMSS,300,2,GS
1.96,0.679,0.603,0.508,0.499,1,0.546,0.259,0.307,0.774,1.0,0.092,0.156,0.007,0.664,-0.07,0.0447,0.359,0.251,0.031,0.367,Software Engineering,FNAS,300,1,GS
3.72,0.866,0.957,0.696,1.0,0,0.859,0.107,0.37,0.539,0.638,-0.183,0.021,-0.108,1.0,0.17,-0.0017,0.34,1.0,0.034,0.862,Accounting,FAMSS,100,1,GS
2.56,0.581,0.582,0.569,0.689,1,0.849,0.285,0.389,0.375,0.819,0.143,-0.142,0.074,0.488,0.44,-0.0252,0.538,0.45,0.026,0.692,Economics,FAMSS,400,2,GS
2.88,0.98,1.0,0.968,0.922,0,0.32,0.265,0.596,0.16,0.499,0.161,0.165,0.158,1.0,-0.02,-0.0613,0.0,1.0,0.0,0.24,Biochemistry,FNAS,300,2,GS
1.68,0.42,0.487,0.235,0.562,6,0.631,0.571,0.129,0.058,0.255,-0.036,-0.093,-0.054,0.416,-0.02,0.0635,0.222,0.088,0.502,0.22,Biochemistry,FNAS,100,1,NGS
2.78,0.932,0.662,0.589,0.796,1,0.713,0.407,0.48,0.688,0.702,0.113,0.346,0.048,0.546,0.3,0.0233,0.251,0.62,0.079,0.563,Computer Science,FNAS,100,2,GS
2.18,0.651,0.534,0.482,0.861,3,0.742,0.155,0.464,0.497,0.489,0.499,0.093,0.043,0.397,0.58,0.1053,0.414,0.38,0.22,0.704,Computer Engineering,FNAS,100,1,GS
2.9,0.684,0.631,0.41,0.511,3,0.931,0.088,0.47,0.198,0.551,-0.098,0.048,0.194,0.614,-0.05,0.117,0.302,0.527,0.028,0.834,Architecture,FES,400,1,GS
3.02,0.83,0.709,0.541,0.64,0,0.88,0.22,0.053,0.346,0.433,0.15,0.079,0.121,0.49,0.35,0.0224,0.391,0.447,0.02,0.701,History and International Relations,FAMSS,100,1,GS
2.82,0.445,0.485,0.591,0.341,1,0.604,0.197,0.307,0.167,0.429,-0.288,-0.052,-0.003,0.377,0.25,0.0286,0.064,0.251,0.0,0.474,Computer Science,FNAS,300,2,GS
4.3,0.647,0.624,0.616,0.468,0,0.885,0.277,0.579,0.35,0.372,-0.034,-0.205,0.132,0.781,0.12,-0.0987,0.3,0.525,0.0,0.533,Nursing,FBMS,300,2,GS
2.63,0.943,0.929,0.856,0.673,1,0.454,0.129,0.713,0.625,0.288,0.207,-0.242,0.409,1.0,0.27,-0.048,0.598,0.899,0.119,0.217,Public Health,FBMS,200,2,GS
1.99,0.69,0.785,0.798,0.884,0,0.617,0.06,0.375,0.664,0.625,-0.08,0.164,0.228,0.827,0.29,0.0143,0.683,0.334,0.011,0.52,Cybersecurity,FNAS,300,2,GS
2.92,0.727,0.826,0.806,0.723,2,0.723,0.222,0.257,0.887,0.967,-0.057,0.073,-0.044,0.455,-0.01,0.0254,0.669,0.557,0.087,0.701,Biochemistry,FNAS,400,2,GS
2.71,0.556,0.599,0.728,0.423,3,0.894,0.117,0.403,0.714,0.291,0.261,-0.04,-0.138,0.565,0.8,0.0238,0.534,0.435,0.155,0.823,Business Administration,FAMSS,100,2,GS
1.85,0.731,0.972,0.639,0.295,2,0.587,0.262,0.321,0.132,0.417,0.177,-0.101,-0.139,0.588,0.29,-0.0722,0.096,0.719,0.091,0.484,Physics and Electronics,FNAS,100,2,GS
1.29,0.853,0.988,0.926,0.631,0,0.891,0.265,0.449,0.953,0.885,0.102,0.19,0.353,0.891,0.25,0.0092,0.708,0.902,0.0,0.661,English and Communication,FAMSS,200,2,GS
3.47,0.921,1.0,1.0,1.0,0,0.605,0.204,0.48,0.782,0.889,0.119,0.257,0.011,0.696,-0.3,-0.0447,0.827,0.852,0.029,0.531,Physics and Electronics,FNAS,100,2,GS
2.77,0.809,0.874,0.914,0.952,0,0.565,0.295,0.418,0.511,0.959,-0.388,-0.212,-0.12,1.0,-0.36,0.0367,0.412,0.667,0.03,0.426,Doctor of Physiotherapy,FBMS,100,2,GS
1.75,0.478,0.218,0.62,0.537,1,0.526,0.16,0.421,0.362,0.659,0.212,-0.242,0.071,0.457,-0.18,0.0308,0.482,0.126,0.021,0.418,Physics and Electronics,FNAS,200,2,GS
3.01,0.736,0.764,0.692,0.869,0,0.732,0.117,0.447,0.165,0.582,-0.08,0.286,-0.067,0.894,0.14,0.0163,0.607,0.583,0.105,0.59,Estate Management,FES,200,2,GS
2.99,0.684,0.349,0.727,0.425,4,0.767,0.08,0.323,0.738,0.454,-0.104,-0.072,-0.059,0.816,0.45,0.1132,0.733,0.004,0.0,0.964,English and Communication,FAMSS,100,1,GS
2.45,0.45,0.283,0.275,0.381,3,0.81,0.346,0.851,0.4,0.551,0.154,0.152,-0.102,0.328,0.49,0.0179,0.648,0.0,0.235,0.325,Software Engineering,FNAS,200,1,GS
1.93,0.474,0.451,0.565,0.67,2,0.505,0.15,0.0,0.445,0.426,-0.156,-0.107,0.118,0.672,0.14,0.0611,0.12,0.175,0.135,0.126,Nursing,FBMS,200,1,NGS
1.61,0.583,0.496,0.518,0.199,2,0.528,0.057,0.479,0.482,0.248,0.103,0.035,-0.166,0.421,-0.67,0.0305,0.087,0.357,0.047,0.754,Information Technology,FNAS,100,1,GS
3.77,0.899,0.871,0.987,0.651,0,0.562,0.135,0.508,0.299,0.478,-0.041,-0.021,0.081,0.699,0.49,-0.0423,0.656,0.765,0.0,0.41,Software Engineering,FNAS,200,2,GS
2.57,0.848,0.845,0.767,0.849,0,0.546,0.034,0.63,0.444,0.475,0.134,0.157,0.439,0.398,0.36,0.0054,0.319,0.667,0.028,0.764,Mathematics,FNAS,100,2,GS
4.75,0.797,0.488,0.682,0.448,0,0.96,0.03,0.54,0.267,0.422,0.081,-0.035,0.011,0.522,0.86,-0.0684,0.835,0.198,0.001,0.85,Cybersecurity,FNAS,200,2,GS
3.9,0.797,0.627,0.754,0.583,0,0.926,0.0,0.63,0.691,0.676,0.023,0.15,0.19,0.782,0.34,-0.034,0.539,0.45,0.079,0.961,History and International Relations,FAMSS,400,1,GS
1.53,0.772,0.436,0.684,0.414,0,0.663,0.174,0.664,0.718,0.707,0.335,0.139,0.247,0.703,0.6,-0.0263,0.382,0.542,0.0,0.53,Information Technology,FNAS,100,1,GS
1.97,0.693,0.465,0.746,0.233,0,0.309,0.08,0.39,0.195,0.612,0.281,0.101,0.074,0.656,0.78,-0.0123,0.345,0.312,0.085,0.258,Software Engineering,FNAS,200,1,GS
1.98,0.847,0.597,1.0,0.901,0,0.539,0.0,0.718,0.466,0.461,0.109,0.081,0.138,0.858,0.1,-0.0856,0.801,0.466,0.001,0.522,Biochemistry,FNAS,100,1,GS
3.02,0.544,0.791,0.686,0.757,0,0.405,0.214,0.66,0.315,0.643,-0.289,-0.179,0.07,0.538,-0.03,-0.0515,0.578,0.545,0.0,0.305,Mathematics,FNAS,400,2,GS
2.65,0.447,0.502,0.758,0.441,2,0.546,0.152,0.354,0.235,0.309,0.189,0.206,0.091,0.274,0.44,-0.0287,0.178,0.256,0.006,0.338,Mathematics,FNAS,100,2,GS
2.31,0.77,0.794,0.792,0.498,0,0.371,0.34,0.939,0.682,0.469,0.047,0.132,0.075,0.984,-0.24,-0.0733,1.0,0.571,0.0,0.193,Computer Science,FNAS,200,2,GS
3.24,0.158,0.09,0.372,0.127,3,0.363,0.362,0.106,0.066,0.379,-0.341,0.321,-0.101,0.081,0.06,0.0706,0.549,0.006,0.066,0.162,Cybersecurity,FNAS,200,2,GS
2.72,0.943,0.81,0.828,0.813,0,0.612,0.315,0.662,0.16,0.345,0.129,0.18,0.093,0.763,0.18,-0.0131,0.457,0.707,0.014,0.551,Nursing,FBMS,200,1,GS
2.04,0.676,0.684,0.608,0.92,1,0.394,0.614,0.442,0.421,0.601,0.152,-0.176,0.002,0.569,0.07,0.0187,0.585,0.374,0.07,0.148,Computer Engineering,FNAS,200,1,GS
3.21,0.925,0.78,0.711,0.636,0,0.627,0.199,0.445,0.335,0.461,0.037,0.109,0.11,0.579,0.25,-0.0105,0.371,0.577,0.013,0.45,Estate Management,FES,400,1,GS
2.34,0.583,0.794,0.711,0.414,0,0.21,0.207,0.567,0.338,0.647,-0.023,-0.131,-0.134,0.463,0.02,0.0306,0.0,0.486,0.101,0.097,Health Information Management,FBMS,100,2,GS
2.7,0.761,0.529,0.598,0.516,2,0.763,0.106,0.497,0.551,0.905,0.261,0.331,-0.059,0.709,0.16,-0.0272,0.212,0.312,0.057,0.799,English and Communication,FAMSS,100,2,GS
2.42,0.51,0.522,0.632,0.61,4,0.762,0.216,0.511,0.253,0.708,0.003,0.222,-0.134,0.669,0.29,0.0023,0.892,0.373,0.101,0.879,Biochemistry,FNAS,400,2,GS
3.93,1.0,0.612,0.854,0.776,2,0.57,0.354,0.502,0.464,0.39,0.195,0.076,0.088,0.922,0.13,-0.0059,0.42,0.727,0.0,0.615,Biochemistry,FNAS,100,1,GS
3.3,0.547,0.718,0.542,0.497,2,0.615,0.0,0.473,0.467,0.149,0.128,-0.187,0.065,0.85,0.43,0.0141,0.243,0.498,0.036,0.648,Doctor of Physiotherapy,FBMS,400,1,GS
2.54,0.557,0.344,0.447,0.304,2,0.597,0.03,0.456,0.253,0.577,-0.011,0.093,-0.002,0.445,-0.28,-0.0158,0.495,0.11,0.072,0.578,Doctor of Physiotherapy,FBMS,100,2,GS
1.25,0.374,0.281,0.411,0.475,1,0.353,0.421,0.348,0.204,0.062,-0.5,-0.097,0.289,0.332,-0.24,-0.0545,0.129,0.0,0.101,0.0,Information Technology,FNAS,300,1,NGS
2.46,0.211,0.445,0.488,0.3,9,0.432,0.367,0.213,0.731,0.67,0.017,-0.022,-0.169,0.158,0.16,-0.0282,0.453,0.196,0.38,0.273,Information Technology,FNAS,300,1,GS
2.45,0.727,0.619,0.632,0.784,0,0.249,0.084,0.589,0.317,0.716,-0.244,-0.033,0.077,0.859,-0.13,0.0247,0.503,0.471,0.013,0.274,Cybersecurity,FNAS,300,2,GS
2.5,0.699,0.607,0.556,0.558,0,0.468,0.188,0.484,0.131,0.461,-0.143,-0.132,0.22,0.488,0.67,0.0482,0.283,0.326,0.0,0.368,History and International Relations,FAMSS,100,1,GS
0.69,0.427,0.397,0.693,0.248,2,0.139,0.611,0.264,0.358,0.222,-0.155,-0.061,0.048,0.378,-0.89,0.0435,0.146,0.161,0.275,0.043,Biochemistry,FNAS,300,2,NGS
1.25,1.0,0.948,0.848,0.693,1,0.658,0.251,0.45,0.403,0.949,0.149,0.092,0.085,0.647,0.19,-0.0236,0.524,1.0,0.097,0.589,English and Communication,FAMSS,100,1,GS
2.62,1.0,1.0,1.0,0.893,0,0.55,0.118,0.644,0.819,0.362,-0.125,0.237,-0.067,1.0,0.06,-0.0469,0.63,0.927,0.023,0.343,Quantity Surveying,FES,400,1,GS
2.53,0.624,0.785,0.874,0.862,1,0.516,0.103,0.576,0.282,0.727,0.057,0.226,0.012,0.963,0.06,-0.0943,0.679,0.457,0.054,0.559,Industrial Chemistry,FNAS,300,1,GS
2.63,0.568,0.429,0.462,0.407,2,0.387,0.284,0.047,0.399,0.523,-0.152,-0.093,0.027,0.525,0.31,0.0647,0.504,0.209,0.002,0.54,Software Engineering,FNAS,400,1,GS
2.33,0.397,0.358,0.399,0.0,6,0.1,0.203,0.3,0.375,0.546,-0.13,-0.101,0.036,0.43,0.44,0.0234,0.035,0.161,0.305,0.093,Architecture,FES,100,2,GS
2.27,0.259,0.337,0.695,0.524,2,0.328,0.397,0.038,0.537,0.438,-0.288,-0.068,0.05,0.346,-0.72,0.1029,0.455,0.0,0.174,0.22,Information Technology,FNAS,300,1,NGS
1.99,0.883,0.858,0.964,0.77,0,0.261,0.235,0.294,0.744,0.701,0.102,0.152,0.128,0.909,0.69,-0.0246,0.316,0.757,0.011,0.085,Health Information Management,FBMS,400,2,GS
3.07,0.614,0.552,0.508,0.432,0,0.317,0.262,0.415,0.318,0.553,-0.068,-0.019,-0.109,0.717,0.08,-0.0488,0.555,0.351,0.0,0.447,Economics,FAMSS,100,1,GS
2.69,0.812,0.718,0.948,0.974,0,0.576,0.086,0.549,0.408,0.501,0.003,0.149,0.136,0.832,0.6,-0.0316,0.224,0.59,0.0,0.466,Estate Management,FES,400,1,GS
2.75,0.546,0.531,0.56,0.61,2,0.538,0.259,0.558,0.453,0.534,0.12,0.203,-0.064,0.563,0.58,-0.0145,0.603,0.067,0.124,0.329,Industrial Chemistry,FNAS,200,1,GS
3.15,0.769,0.756,0.875,0.89,0,0.638,0.13,0.686,0.38,1.0,0.341,0.159,0.284,0.81,0.28,-0.0111,0.767,0.655,0.062,0.713,English and Communication,FAMSS,100,1,GS
2.23,0.59,0.577,0.656,0.612,1,1.0,0.336,0.279,0.268,0.528,0.186,-0.034,-0.017,0.277,-0.18,-0.0768,0.009,0.39,0.0,0.818,History and International Relations,FAMSS,300,1,GS
2.17,0.634,0.615,0.608,0.554,1,0.475,0.283,0.324,0.421,0.878,-0.115,0.049,0.136,0.518,-0.06,0.0176,0.225,0.275,0.0,0.578,Mathematics,FNAS,300,1,GS
3.32,0.716,0.567,0.607,0.72,1,0.525,0.3,0.153,0.559,0.567,0.135,0.02,0.214,0.472,-0.07,-0.0815,0.492,0.365,0.034,0.105,Cybersecurity,FNAS,300,2,GS
2.25,0.433,0.55,0.52,0.226,0,0.216,0.693,0.397,0.203,0.516,0.107,0.178,0.153,0.721,-0.05,0.077,0.084,0.335,0.0,0.0,Nursing,FBMS,200,1,NGS
3.12,0.916,0.871,0.598,0.238,1,0.532,0.277,0.516,0.392,0.752,0.159,0.165,0.04,0.419,0.38,-0.0253,0.386,0.919,0.038,0.644,Doctor of Physiotherapy,FBMS,100,2,GS
3.93,0.674,1.0,0.81,0.832,0,0.515,0.03,0.425,0.574,0.561,0.198,0.032,0.173,0.659,-0.2,-0.0584,0.628,0.669,0.0,0.282,English and Communication,FAMSS,200,2,GS
2.53,0.145,0.26,0.385,0.403,5,0.738,0.175,0.237,0.365,0.124,-0.099,0.247,-0.193,0.187,-0.2,-0.0214,0.203,0.135,0.094,0.637,Economics,FAMSS,200,2,GS
2.27,0.542,0.638,0.594,0.495,1,0.496,0.375,0.403,0.459,0.458,-0.03,-0.141,-0.047,0.603,0.07,-0.1457,0.291,0.445,0.0,0.459,Software Engineering,FNAS,100,1,NGS
2.77,0.614,0.541,0.59,0.338,2,0.685,0.211,0.699,0.619,0.413,0.139,0.272,0.043,0.487,0.22,-0.089,0.599,0.397,0.0,0.647,Industrial Chemistry,FNAS,200,2,GS
1.5,0.357,0.323,0.425,0.325,1,0.29,0.424,0.0,0.182,0.077,-0.323,0.204,-0.006,0.2,-0.36,0.0564,0.563,0.252,0.169,0.034,Estate Management,FES,100,2,NGS
2.63,0.51,0.31,0.47,0.622,1,0.519,0.274,0.954,0.656,0.679,-0.018,0.147,-0.08,0.748,0.47,0.0232,0.366,0.069,0.003,0.414,History and International Relations,FAMSS,100,2,GS
3.51,0.506,0.522,0.358,0.189,2,0.987,0.362,0.419,0.874,1.0,0.252,0.265,-0.004,0.553,0.15,-0.0189,0.603,0.206,0.027,0.618,English and Communication,FAMSS,100,1,GS
2.35,0.861,0.318,0.726,0.493,0,0.646,0.126,0.128,0.166,0.898,0.16,0.001,0.004,0.646,-0.15,-0.0366,0.0,0.476,0.0,0.539,Industrial Chemistry,FNAS,100,1,GS
2.15,0.616,0.481,0.711,0.524,0,0.66,0.187,0.481,0.228,0.566,0.176,0.364,0.186,0.602,0.35,-0.031,0.629,0.307,0.0,0.492,Accounting,FAMSS,200,2,GS
2.23,0.657,0.752,0.498,0.593,2,0.55,0.0,0.552,0.426,0.639,0.327,0.159,-0.05,0.469,0.15,0.096,0.06,0.617,0.064,0.385,History and International Relations,FAMSS,100,1,GS
1.61,0.604,0.738,0.601,0.61,0,0.351,0.192,0.137,0.457,0.314,0.333,0.031,0.242,0.652,0.38,0.0148,0.745,0.328,0.0,0.251,Nursing,FBMS,100,2,GS
3.12,0.537,0.625,0.511,0.315,0,0.599,0.408,0.585,0.429,0.3,0.292,-0.159,0.236,0.684,0.25,0.0473,0.284,0.197,0.0,0.461,Architecture,FES,200,2,GS
1.99,0.654,0.642,0.823,0.73,1,0.469,0.196,0.12,0.572,0.511,0.132,-0.274,-0.045,0.813,0.13,0.0452,0.623,0.334,0.025,0.679,Architecture,FES,300,2,GS
2.99,0.677,0.706,0.818,0.698,1,0.691,0.146,0.331,0.489,0.756,0.229,0.159,0.193,0.62,0.29,-0.038,0.857,0.29,0.07,0.748,Mathematics,FNAS,400,1,GS
3.85,1.0,0.852,1.0,0.811,2,0.586,0.0,0.253,0.482,0.973,0.169,-0.02,0.113,0.971,0.02,-0.0866,0.612,1.0,0.043,0.425,Biochemistry,FNAS,100,1,GS
3.55,1.0,0.848,1.0,0.889,0,0.403,0.435,0.608,0.194,0.735,-0.052,0.131,-0.032,0.925,0.37,-0.0144,0.55,0.875,0.0,0.421,English and Communication,FAMSS,300,1,GS
2.67,1.0,0.89,0.792,0.863,0,0.259,0.301,0.346,0.535,0.766,0.226,0.274,0.082,1.0,0.53,0.0596,0.194,0.79,0.0,0.11,Public Health,FBMS,300,1,GS
3.3,0.747,0.902,0.91,0.841,1,0.731,0.226,0.369,0.58,0.374,0.183,0.079,0.39,0.941,0.7,0.0618,0.684,0.572,0.028,0.525,Estate Management,FES,300,1,GS
2.5,0.683,0.373,0.404,0.183,0,0.482,0.251,0.101,0.283,0.153,0.148,-0.068,-0.141,0.435,0.13,-0.0125,0.294,0.321,0.062,0.401,Estate Management,FES,100,2,GS
2.75,0.13,0.293,0.48,0.293,2,0.412,0.022,0.453,0.635,0.462,-0.082,0.032,-0.108,0.0,-0.22,0.031,0.428,0.197,0.126,0.4,Economics,FAMSS,100,1,GS
2.34,0.595,0.647,0.748,0.182,1,0.804,0.098,0.388,0.495,0.637,-0.04,-0.055,0.017,0.203,0.13,0.0273,0.709,0.328,0.0,0.947,Doctor of Physiotherapy,FBMS,200,1,GS
2.65,0.444,0.391,0.516,0.288,1,0.267,0.512,0.322,0.681,0.824,-0.216,0.13,0.128,0.381,-0.12,0.0291,0.3,0.191,0.0,0.268,Software Engineering,FNAS,100,2,GS
3.48,0.517,0.399,0.417,0.506,1,0.46,0.192,0.019,0.325,0.599,0.029,-0.047,-0.052,0.385,0.36,0.0098,0.406,0.089,0.064,0.21,Computer Engineering,FNAS,300,2,GS
1.19,0.428,0.698,0.591,0.587,1,0.297,0.404,0.372,0.316,0.997,-0.172,0.013,-0.101,0.42,-0.03,0.0227,0.746,0.378,0.0,0.159,Estate Management,FES,200,2,GS
2.0,0.244,0.347,0.545,0.297,1,0.296,0.316,0.174,0.143,0.389,-0.259,-0.241,0.073,0.065,0.0,0.0587,0.408,0.191,0.0,0.072,Public Health,FBMS,300,1,GS
1.68,0.548,0.596,0.448,0.369,4,0.327,0.296,0.182,0.167,0.187,0.099,-0.313,0.014,0.621,0.14,-0.1049,0.0,0.276,0.25,0.278,Mathematics,FNAS,200,2,NGS
2.48,0.635,0.292,0.559,0.797,0,0.653,0.389,0.528,0.438,0.683,-0.178,0.03,0.114,0.421,0.54,0.0165,0.35,0.188,0.0,0.509,History and International Relations,FAMSS,100,2,GS
2.62,1.0,0.376,0.993,0.79,0,0.181,0.472,0.364,0.397,0.163,-0.295,0.208,0.161,0.76,0.14,-0.0266,0.373,0.38,0.0,0.165,Biochemistry,FNAS,300,1,GS
2.76,0.832,0.634,0.805,0.575,1,0.347,0.229,0.283,0.378,0.442,-0.131,0.059,0.005,0.388,0.49,0.044,0.62,0.701,0.041,0.275,Mathematics,FNAS,200,2,GS
2.64,0.377,0.28,0.609,0.306,1,0.513,0.031,0.168,0.0,0.226,-0.113,-0.063,0.009,0.395,-0.49,0.0135,0.901,0.117,0.018,0.733,Industrial Chemistry,FNAS,300,2,NGS
2.89,0.668,0.726,0.604,0.624,1,0.619,0.319,0.533,0.381,0.608,-0.037,0.241,-0.169,0.447,0.5,-0.0187,0.563,0.575,0.099,0.434,Nursing,FBMS,300,2,GS
1.21,0.452,0.952,0.403,0.309,2,0.968,0.174,0.488,0.185,0.323,0.157,-0.06,0.402,0.63,0.49,0.004,0.006,0.478,0.33,0.832,Cybersecurity,FNAS,300,1,GS
1.66,0.811,0.999,0.984,0.927,0,0.523,0.508,0.0,0.251,0.722,-0.049,0.071,0.133,0.752,0.26,0.0299,0.512,0.805,0.0,0.389,Business Administration,FAMSS,200,1,GS
2.06,0.67,0.935,0.771,0.697,0,0.606,0.082,0.344,0.078,0.602,-0.065,0.225,0.055,0.868,0.15,-0.067,0.496,0.581,0.043,0.579,Information Technology,FNAS,100,2,GS
2.33,0.662,0.418,0.581,0.444,0,0.719,0.056,0.366,0.438,0.0,0.001,-0.058,0.029,0.708,0.26,-0.0106,0.572,0.258,0.005,0.813,Industrial Chemistry,FNAS,400,1,GS
3.63,0.957,0.672,0.699,0.838,0,0.502,0.289,0.901,0.552,0.57,0.153,0.005,-0.032,0.551,0.65,0.0086,0.521,0.544,0.0,0.417,Estate Management,FES,100,1,GS
2.04,0.701,0.551,0.788,0.691,1,0.517,0.36,0.436,0.348,0.523,-0.036,0.081,-0.063,0.611,0.19,-0.0555,0.766,0.421,0.089,0.468,Physics and Electronics,FNAS,200,1,GS
2.7,0.363,0.457,0.352,0.711,2,0.5,0.136,0.461,0.458,0.42,0.164,0.15,0.086,0.38,0.56,-0.0004,0.415,0.0,0.125,0.195,Business Administration,FAMSS,300,1,GS
1.94,0.423,0.348,0.478,0.282,7,0.688,0.34,0.0,0.292,0.506,0.022,-0.007,-0.2,0.209,-0.3,0.09,0.335,0.327,0.414,0.585,Public Health,FBMS,100,2,NGS
1.71,0.393,0.422,0.349,0.41,1,0.0,0.373,0.264,0.295,0.406,0.015,-0.244,0.17,0.379,-0.37,-0.0429,0.0,0.189,0.089,0.029,Mathematics,FNAS,300,1,NGS
2.34,0.622,0.469,0.769,0.582,1,0.528,0.141,0.066,0.29,0.289,-0.254,0.137,-0.142,0.653,0.24,-0.0027,0.12,0.41,0.039,0.437,Computer Engineering,FNAS,100,1,GS
1.35,0.175,0.0,0.31,0.199,2,0.038,0.602,0.331,0.062,0.161,-0.234,0.023,-0.206,0.0,-0.12,0.0123,0.009,0.0,0.116,0.087,History and International Relations,FAMSS,100,2,NGS
3.07,0.605,0.406,0.751,0.533,1,0.851,0.166,1.0,0.49,0.747,-0.066,0.191,-0.064,0.349,0.38,0.0356,0.47,0.309,0.0,0.471,Quantity Surveying,FES,200,1,GS
2.93,0.488,0.723,0.547,0.464,1,0.349,0.638,0.406,0.333,0.266,-0.229,-0.003,0.152,0.716,0.02,0.0179,0.0,0.243,0.098,0.045,Physics and Electronics,FNAS,200,2,GS
1.9,0.687,0.641,0.727,0.392,0,0.429,0.374,0.436,0.337,0.749,-0.02,0.03,-0.062,0.632,0.64,-0.0172,0.226,0.499,0.0,0.214,Computer Engineering,FNAS,100,2,GS
2.94,0.302,0.166,0.508,0.587,1,0.772,0.303,0.425,0.544,0.471,-0.095,-0.35,-0.239,0.248,0.31,0.0264,0.635,0.199,0.065,0.496,Mathematics,FNAS,300,2,GS
2.35,0.46,0.471,0.242,0.394,0,0.448,0.315,0.443,0.603,0.3,-0.114,-0.011,-0.161,0.426,-0.02,-0.0395,0.308,0.224,0.074,0.213,Mathematics,FNAS,300,1,GS
2.08,0.703,0.866,0.758,0.745,0,0.561,0.206,0.54,0.544,0.203,0.083,0.161,-0.149,0.85,-0.09,-0.0685,0.527,0.536,0.118,0.42,Business Administration,FAMSS,200,2,GS
2.68,0.78,0.509,0.927,0.952,1,0.481,0.129,0.278,0.132,0.587,-0.221,0.032,0.254,0.732,-0.15,0.0234,0.208,0.392,0.058,0.221,Computer Science,FNAS,100,1,GS
2.67,1.0,0.859,0.879,0.743,0,0.805,0.03,0.688,0.325,0.503,-0.128,0.161,0.12,0.758,0.49,-0.0404,0.354,0.728,0.0,0.751,Criminology and Security Studies,FAMSS,300,2,GS
2.29,0.367,0.128,0.132,0.147,2,0.421,0.618,0.702,0.527,0.285,0.285,-0.164,-0.124,0.54,-0.11,-0.0299,0.408,0.0,0.083,0.088,Quantity Surveying,FES,400,2,GS
2.91,0.369,0.27,0.485,0.288,0,0.376,0.189,0.382,0.51,0.444,0.105,0.022,0.071,0.082,-0.06,-0.096,0.977,0.0,0.021,0.453,Physics and Electronics,FNAS,100,2,GS
2.04,0.514,0.134,0.504,0.578,1,0.209,0.375,0.384,0.396,0.356,0.042,-0.07,-0.052,0.236,-0.14,0.0156,0.126,0.0,0.04,0.065,Nursing,FBMS,100,1,NGS
2.08,0.521,0.576,0.305,0.379,0,0.53,0.296,0.246,0.358,0.788,-0.079,-0.322,-0.154,0.439,-0.15,0.0398,0.246,0.264,0.019,0.543,Architecture,FES,200,1,GS
2.43,0.94,0.682,0.923,0.545,0,0.628,0.201,0.082,0.928,0.204,0.186,-0.063,0.133,0.622,0.51,-0.0098,0.352,0.644,0.0,0.729,English and Communication,FAMSS,200,2,GS
2.4,0.479,0.759,0.793,0.683,2,0.732,0.244,0.442,0.094,0.536,0.3,0.126,-0.163,0.577,0.22,-0.0735,0.568,0.342,0.196,0.517,Mathematics,FNAS,300,2,GS
2.78,0.94,1.0,0.871,0.851,0,0.152,0.03,0.547,0.561,0.1,0.006,0.153,0.136,0.985,0.69,-0.0121,0.282,0.936,0.01,0.103,History and International Relations,FAMSS,300,2,GS
2.72,0.493,0.224,0.463,0.465,2,0.465,0.126,0.358,0.35,0.201,-0.236,-0.142,-0.235,0.193,-0.17,-0.0238,0.055,0.057,0.148,0.363,Physics and Electronics,FNAS,100,1,GS
3.18,0.671,0.502,0.648,0.875,1,0.69,0.234,0.742,0.091,0.461,-0.061,0.097,0.141,0.686,-0.35,-0.0058,0.869,0.318,0.013,0.513,Physics and Electronics,FNAS,200,1,GS
3.16,1.0,0.905,0.692,0.904,0,0.86,0.411,0.309,0.632,1.0,0.137,-0.062,0.026,0.902,0.26,0.0453,0.271,0.927,0.0,0.483,Architecture,FES,200,2,GS
2.1,0.541,0.476,0.49,0.389,1,0.452,0.294,0.092,0.0,0.326,-0.203,-0.399,-0.251,0.266,0.05,0.0019,0.232,0.345,0.012,0.411,Doctor of Physiotherapy,FBMS,400,1,NGS
1.98,0.726,0.68,0.316,0.477,1,0.637,0.23,0.79,0.483,0.787,0.104,0.081,-0.066,0.543,0.39,-0.0434,0.33,0.524,0.043,0.468,Accounting,FAMSS,300,1,GS
3.21,1.0,0.954,1.0,0.854,1,0.498,0.472,0.74,0.652,0.673,0.276,0.18,0.007,1.0,0.2,0.0017,0.748,0.963,0.0,0.329,Criminology and Security Studies,FAMSS,100,2,GS
3.44,0.55,0.472,0.63,0.358,0,0.789,0.442,0.47,0.385,0.562,0.263,0.227,-0.158,0.166,0.09,-0.0365,0.915,0.047,0.0,0.366,Criminology and Security Studies,FAMSS,200,1,GS
3.49,0.739,0.732,0.726,0.611,0,0.35,0.049,0.385,0.703,0.523,0.02,0.325,0.01,0.839,0.48,0.0173,0.673,0.574,0.0,0.395,Business Administration,FAMSS,100,2,GS
2.79,0.698,0.557,0.558,0.662,0,0.631,0.388,0.335,0.139,0.479,0.147,0.074,0.006,0.614,0.28,-0.0486,0.405,0.428,0.001,0.406,Mathematics,FNAS,200,2,GS
2.88,0.589,0.247,0.545,0.547,1,0.506,0.327,0.279,0.438,0.524,0.211,0.106,-0.022,0.625,0.05,-0.0671,0.999,0.325,0.009,0.629,Industrial Chemistry,FNAS,100,2,GS
2.34,0.999,0.982,0.858,0.617,0,0.45,0.179,0.413,0.494,0.826,0.176,-0.072,-0.044,0.863,0.74,-0.0678,0.366,1.0,0.029,0.336,Mathematics,FNAS,300,1,GS
1.85,0.576,0.538,0.587,0.616,0,0.608,0.453,0.314,0.449,0.277,-0.188,-0.055,-0.008,0.396,0.41,-0.0101,0.273,0.424,0.029,0.191,Doctor of Physiotherapy,FBMS,200,2,GS
1.74,0.225,0.371,0.449,0.474,1,0.167,0.794,0.288,0.4,0.261,-0.193,-0.293,-0.109,0.301,-0.43,0.0472,0.0,0.139,0.0,0.0,Cybersecurity,FNAS,100,2,NGS
3.34,0.929,0.714,0.663,0.768,0,0.575,0.133,0.44,0.462,0.474,0.1,0.041,-0.12,0.746,-0.19,0.0509,0.365,0.509,0.0,0.319,Cybersecurity,FNAS,300,2,GS
3.49,0.806,0.789,0.972,0.529,1,0.851,0.133,0.364,0.56,0.177,-0.066,-0.172,0.065,0.888,0.3,-0.0281,0.611,0.604,0.032,0.929,Business Administration,FAMSS,200,1,GS
1.83,0.47,0.514,0.578,0.379,4,0.478,0.235,0.248,0.512,0.548,-0.115,0.292,-0.126,0.679,0.42,-0.0136,0.488,0.277,0.226,0.485,Business Administration,FAMSS,200,2,GS
3.75,0.839,0.935,0.767,0.629,0,0.55,0.185,0.195,0.175,0.407,0.142,-0.096,0.02,0.48,0.26,0.0188,0.369,0.569,0.028,0.315,Software Engineering,FNAS,200,2,GS
2.42,0.824,0.859,0.941,0.62,1,0.242,0.228,0.551,0.086,0.261,0.18,0.098,0.24,0.526,0.34,0.0749,0.449,0.773,0.139,0.226,Economics,FAMSS,300,1,GS
3.72,0.827,0.714,0.577,0.356,0,0.593,0.0,0.287,0.462,0.51,-0.175,-0.063,-0.026,0.497,0.41,-0.0216,0.385,0.56,0.01,0.68,Computer Engineering,FNAS,300,1,GS
2.08,0.41,0.44,0.566,0.495,2,0.531,0.271,0.608,0.24,0.424,-0.243,-0.001,-0.062,0.502,-0.18,0.019,0.278,0.12,0.157,0.361,Architecture,FES,300,2,GS
2.77,0.385,0.659,0.728,0.915,1,0.709,0.138,0.768,0.603,0.315,0.09,-0.022,-0.101,0.693,0.03,0.0248,0.057,0.082,0.052,0.492,Accounting,FAMSS,200,1,GS
3.31,0.441,0.434,0.482,0.593,2,0.894,0.357,0.655,1.0,0.924,0.203,-0.147,-0.108,0.316,0.4,-0.0654,0.753,0.191,0.111,0.79,Public Health,FBMS,300,1,GS
3.43,0.772,0.735,0.926,0.488,1,0.442,0.383,0.615,0.587,0.732,-0.003,-0.101,0.315,0.775,-0.21,0.0405,0.717,0.62,0.087,0.408,Doctor of Physiotherapy,FBMS,100,1,GS
2.28,0.558,0.441,0.101,0.484,1,0.531,0.03,0.544,0.0,0.59,0.166,-0.195,0.029,0.125,0.23,-0.0524,0.431,0.342,0.039,0.304,Mathematics,FNAS,300,2,GS
2.18,0.723,0.507,0.691,0.566,1,0.394,0.492,0.165,0.414,0.335,-0.339,-0.43,0.057,0.564,-0.23,-0.0291,0.229,0.349,0.075,0.319,Biochemistry,FNAS,100,1,NGS
3.03,0.783,0.707,0.783,0.901,2,0.754,0.246,0.352,0.766,0.089,-0.081,-0.022,-0.094,0.579,0.08,-0.0693,0.248,0.557,0.066,0.635,Cybersecurity,FNAS,100,2,GS
2.72,0.792,0.863,0.908,0.746,0,0.54,0.067,0.326,0.301,0.305,0.022,0.093,0.319,0.786,0.24,0.0027,0.905,0.627,0.0,0.416,Biochemistry,FNAS,200,1,GS
1.5,0.492,0.121,0.369,0.272,3,0.647,0.466,0.522,0.166,0.244,-0.02,0.043,-0.11,0.25,-0.51,-0.0196,0.36,0.015,0.164,0.136,Mathematics,FNAS,400,1,NGS
2.31,0.522,0.384,0.618,0.465,0,0.714,0.175,0.373,0.0,0.754,0.134,0.096,0.215,0.73,-0.41,0.0549,0.278,0.086,0.029,0.631,Public Health,FBMS,200,2,GS
2.2,0.716,0.773,0.664,0.275,1,0.727,0.517,0.297,0.722,0.73,0.014,0.189,0.021,0.743,-0.14,0.0367,0.842,0.593,0.118,0.375,Physics and Electronics,FNAS,100,1,GS
2.55,0.568,0.568,0.516,0.552,0,0.573,0.075,0.625,0.456,0.39,0.103,-0.137,-0.104,0.404,-0.64,-0.0599,0.914,0.437,0.0,0.492,Cybersecurity,FNAS,200,2,GS
3.56,0.335,0.357,0.269,0.138,5,0.606,0.465,0.039,0.263,1.0,-0.153,-0.012,0.063,0.05,0.16,0.0581,0.095,0.261,0.0,0.538,Estate Management,FES,100,2,GS
2.78,0.571,0.604,0.497,0.532,0,0.602,0.038,0.446,0.232,0.516,0.074,0.172,0.234,0.22,0.71,-0.1122,0.294,0.272,0.028,0.802,Economics,FAMSS,200,1,GS
3.99,0.711,0.45,0.505,0.531,0,0.599,0.242,0.824,0.428,0.593,0.299,-0.152,-0.197,0.587,0.32,-0.0397,0.608,0.444,0.0,0.53,Architecture,FES,400,1,GS
3.17,0.421,0.244,0.512,0.389,0,0.418,0.08,0.48,0.278,0.485,-0.039,-0.072,-0.245,0.368,-0.42,-0.0262,1.0,0.091,0.0,0.228,Cybersecurity,FNAS,200,1,GS
0.94,0.421,0.435,0.406,0.152,1,0.355,0.446,0.125,0.257,0.376,-0.102,-0.364,-0.181,0.481,-0.51,0.0591,0.0,0.164,0.111,0.215,Architecture,FES,500,1,NGS
3.88,0.722,0.805,0.695,1.0,1,0.808,0.123,0.598,0.745,0.139,0.227,0.081,0.188,0.841,0.02,-0.0668,0.236,0.593,0.088,0.8,Doctor of Physiotherapy,FBMS,200,2,GS
2.27,0.696,0.683,0.492,0.485,0,0.484,0.366,0.261,0.317,0.72,-0.288,-0.201,-0.272,0.524,0.03,0.0684,0.425,0.393,0.0,0.237,Computer Engineering,FNAS,200,1,NGS
2.96,0.39,0.192,0.255,0.328,3,0.518,0.169,0.433,0.377,0.78,0.246,0.222,-0.043,0.354,0.21,-0.0486,0.662,0.101,0.043,0.488,Industrial Chemistry,FNAS,100,2,GS
2.99,0.655,0.901,0.797,0.861,0,0.808,0.0,0.581,0.641,0.653,0.089,-0.075,0.5,0.611,-0.55,-0.0422,1.0,0.731,0.009,1.0,Computer Engineering,FNAS,300,1,GS
2.88,0.499,0.236,0.625,0.504,2,0.663,0.1,0.607,0.19,0.53,0.095,0.165,-0.102,0.18,0.47,-0.0154,0.504,0.0,0.069,0.51,Mathematics,FNAS,200,2,GS
3.72,0.429,0.454,0.415,0.374,0,0.703,0.152,0.528,0.414,0.276,0.06,0.162,-0.223,0.438,0.22,0.0181,0.355,0.369,0.037,0.647,Economics,FAMSS,400,1,GS
2.82,0.449,0.453,0.469,0.782,1,0.571,0.109,0.301,0.175,0.386,-0.285,-0.054,0.156,0.694,-0.03,-0.0051,0.361,0.119,0.041,0.417,Biochemistry,FNAS,400,2,GS
2.76,0.814,0.643,0.546,0.469,0,0.73,0.2,0.557,0.434,0.605,0.151,0.039,-0.01,0.709,0.64,0.0087,0.497,0.668,0.059,0.566,Mathematics,FNAS,100,2,GS
2.29,0.363,0.555,0.403,0.473,1,0.283,0.382,0.22,0.389,0.294,0.249,0.031,0.301,0.74,0.12,0.0312,0.394,0.237,0.037,0.272,Physics and Electronics,FNAS,400,2,GS
3.82,0.574,0.346,0.566,0.353,1,0.704,0.216,0.103,0.371,0.523,0.495,0.207,-0.044,0.232,0.18,-0.0896,0.375,0.313,0.0,0.508,Industrial Chemistry,FNAS,400,2,GS
3.62,0.708,0.431,0.378,0.285,2,0.613,0.183,0.516,0.783,0.234,0.061,0.066,0.253,0.225,-0.0,-0.028,0.26,0.315,0.016,0.352,Quantity Surveying,FES,200,1,GS
2.83,0.921,0.883,1.0,1.0,0,0.516,0.05,0.643,0.808,0.153,0.305,-0.004,0.282,1.0,0.13,-0.0954,0.73,0.857,0.043,0.285,Accounting,FAMSS,400,1,GS
3.22,0.486,0.609,0.491,0.427,3,0.863,0.33,0.811,0.241,0.372,-0.185,0.02,0.048,0.67,0.57,0.0618,0.085,0.369,0.047,0.662,Quantity Surveying,FES,100,1,GS
3.38,0.794,0.616,0.648,0.424,0,0.438,0.352,0.363,0.528,0.466,0.084,0.16,0.07,0.653,0.01,-0.0144,0.555,0.539,0.06,0.325,Criminology and Security Studies,FAMSS,400,2,GS
3.1,0.406,0.358,0.394,0.258,0,0.49,0.083,0.547,0.123,0.008,-0.212,0.036,0.121,0.601,0.11,-0.0324,0.237,0.021,0.0,0.35,Information Technology,FNAS,400,1,GS
2.87,0.759,0.832,0.668,0.548,0,0.486,0.254,0.426,0.813,0.738,0.06,0.216,-0.007,0.611,0.57,0.031,0.383,0.641,0.064,0.409,Business Administration,FAMSS,100,1,GS
1.92,0.635,0.254,0.244,0.193,2,0.355,0.0,0.468,0.078,0.364,0.233,0.122,-0.263,0.318,0.45,0.0429,0.316,0.426,0.185,0.371,Criminology and Security Studies,FAMSS,200,1,GS
3.16,0.95,0.712,0.976,0.875,1,0.822,0.233,0.0,0.457,0.539,0.079,0.25,0.138,0.632,0.1,-0.0123,0.249,0.672,0.0,0.778,History and International Relations,FAMSS,400,2,GS
2.98,0.383,0.47,0.435,0.347,2,0.529,0.026,0.233,0.237,0.219,0.138,0.217,0.369,0.651,-0.03,-0.0222,0.281,0.134,0.014,0.303,History and International Relations,FAMSS,300,1,GS
1.17,0.425,0.216,0.672,0.5,2,0.254,0.167,0.433,0.092,0.184,-0.104,-0.105,0.003,0.485,-0.28,0.0147,0.16,0.148,0.039,0.316,Estate Management,FES,400,1,NGS
3.1,0.516,0.451,0.442,0.404,3,0.408,0.318,0.196,0.351,0.323,0.031,-0.025,0.054,0.289,0.08,0.0919,0.268,0.089,0.137,0.3,Accounting,FAMSS,100,2,GS
2.35,0.648,0.908,0.676,0.783,2,0.537,0.03,0.298,0.327,0.489,0.106,-0.127,0.105,0.632,-0.08,-0.0554,0.514,0.492,0.037,0.518,Physics and Electronics,FNAS,300,2,GS
3.08,0.456,0.354,0.704,0.283,1,0.405,0.214,0.351,0.175,0.502,-0.094,-0.237,0.064,0.365,0.19,-0.0341,0.267,0.334,0.0,0.541,Doctor of Physiotherapy,FBMS,500,1,GS
1.81,0.431,0.502,0.59,0.435,0,0.257,0.294,0.516,0.428,0.612,0.008,-0.029,0.09,0.334,-0.43,-0.0181,0.397,0.168,0.074,0.239,Economics,FAMSS,100,2,NGS
2.97,0.399,0.428,0.612,0.635,1,0.397,0.44,0.351,0.15,0.621,-0.02,0.165,0.185,0.453,-0.25,0.0591,0.01,0.039,0.0,0.0,Business Administration,FAMSS,400,2,GS
2.78,0.677,0.431,0.737,0.797,1,0.464,0.015,0.615,0.592,0.649,0.058,-0.16,-0.015,0.843,0.34,0.0384,0.585,0.472,0.088,0.324,Mathematics,FNAS,100,1,GS
1.67,0.321,0.184,0.268,0.104,0,0.124,0.375,0.454,0.258,0.264,-0.396,-0.086,-0.137,0.402,0.23,0.0789,0.561,0.159,0.0,0.037,Nursing,FBMS,300,2,NGS
2.52,0.658,0.506,0.445,0.295,0,0.76,0.157,0.0,0.404,0.811,0.202,0.226,-0.202,0.221,0.1,-0.1146,0.465,0.393,0.054,0.757,Criminology and Security Studies,FAMSS,100,1,GS
1.53,0.492,0.613,0.554,0.277,1,0.382,0.373,0.272,0.295,0.0,-0.336,-0.087,-0.217,0.43,-0.26,0.0152,0.34,0.257,0.0,0.223,Quantity Surveying,FES,100,2,NGS
1.37,0.859,0.435,0.527,0.656,1,0.641,0.159,0.129,0.574,0.531,0.254,0.09,0.002,0.329,0.71,0.0784,0.456,0.36,0.097,0.457,Doctor of Physiotherapy,FBMS,200,1,GS
3.63,0.723,0.692,0.584,0.743,0,0.437,0.0,0.335,0.622,0.489,0.469,0.052,-0.343,0.333,0.04,-0.0301,0.584,0.446,0.036,0.365,Information Technology,FNAS,100,1,GS
2.54,0.794,0.813,0.919,1.0,0,0.744,0.012,0.509,0.522,0.329,-0.06,0.118,0.054,0.824,0.36,-0.0557,0.669,0.464,0.116,0.825,Computer Science,FNAS,300,1,GS
1.46,0.875,0.528,0.833,0.513,0,0.663,0.058,0.322,0.212,0.631,0.395,0.091,0.264,0.641,-0.04,-0.0488,0.181,0.54,0.0,0.526,Computer Science,FNAS,200,1,GS
3.88,0.621,0.634,0.777,0.375,2,0.596,0.03,0.479,0.453,0.327,0.114,0.21,-0.175,0.545,0.32,-0.1271,0.163,0.095,0.099,0.559,Computer Engineering,FNAS,100,2,GS
1.42,0.515,0.74,0.401,0.332,1,0.634,0.0,0.0,0.064,0.548,-0.044,0.134,0.099,0.593,-0.5,0.0661,0.268,0.321,0.116,0.548,Business Administration,FAMSS,300,1,NGS
2.9,0.498,0.104,0.518,0.24,0,0.4,0.197,0.453,0.453,0.357,0.021,0.322,-0.046,0.477,-0.23,-0.0278,0.565,0.0,0.0,0.193,Nursing,FBMS,400,1,GS
3.77,0.525,0.727,0.894,0.762,2,0.673,0.104,0.444,0.519,0.61,0.102,-0.093,-0.128,0.712,0.03,-0.0533,0.461,0.442,0.067,0.6,Cybersecurity,FNAS,100,2,GS
2.89,0.413,0.216,0.394,0.301,1,0.416,0.104,0.0,0.397,0.366,0.143,-0.093,-0.02,0.19,0.03,-0.1272,0.364,0.077,0.0,0.385,Mathematics,FNAS,100,2,GS
2.06,0.517,0.548,0.621,0.59,1,0.365,0.377,0.097,0.0,0.484,-0.029,-0.028,-0.063,0.275,0.15,0.0156,0.209,0.386,0.064,0.094,Health Information Management,FBMS,400,1,NGS
3.34,0.577,0.684,0.328,0.228,1,0.728,0.329,0.332,0.454,0.889,0.015,0.198,-0.03,0.45,-0.05,0.0135,0.63,0.41,0.0,0.395,Criminology and Security Studies,FAMSS,100,1,GS
3.4,0.705,0.864,0.879,0.841,0,0.45,0.305,0.244,0.369,0.158,0.128,-0.061,0.159,0.704,-0.02,-0.102,0.542,0.494,0.081,0.326,Economics,FAMSS,400,1,GS
2.29,0.817,0.734,0.815,0.663,1,0.358,0.055,0.531,0.33,0.456,-0.059,0.003,-0.135,0.716,-0.15,0.0512,0.209,0.542,0.132,0.477,Architecture,FES,200,2,GS
4.37,0.482,0.693,0.492,0.495,2,0.566,0.195,0.408,0.625,0.765,-0.355,0.163,0.114,0.829,-0.08,-0.0875,0.774,0.327,0.0,0.505,Economics,FAMSS,200,2,GS
4.15,1.0,1.0,1.0,1.0,1,0.833,0.279,0.3,0.4,0.77,-0.07,0.062,0.023,1.0,0.18,-0.0366,0.314,0.866,0.0,0.631,Estate Management,FES,200,2,GS
1.43,0.522,0.414,0.563,0.642,0,0.484,0.477,0.611,0.0,0.455,0.046,-0.274,-0.216,0.346,-0.45,0.1053,0.226,0.316,0.0,0.143,Physics and Electronics,FNAS,300,1,NGS
0.82,0.46,0.418,0.538,0.341,2,0.384,0.29,0.315,0.449,0.085,-0.267,-0.168,0.027,0.577,0.1,0.1286,0.15,0.158,0.136,0.211,Computer Science,FNAS,400,1,NGS
3.32,0.72,0.519,0.724,0.558,1,0.363,0.531,0.209,0.415,1.0,-0.25,0.175,0.295,0.595,-0.07,0.0396,0.609,0.388,0.0,0.288,Cybersecurity,FNAS,400,2,GS
2.82,0.828,0.917,0.93,0.888,1,0.56,0.284,0.188,0.416,0.562,0.076,-0.177,-0.0,1.0,-0.09,-0.0403,0.402,0.676,0.0,0.467,English and Communication,FAMSS,300,2,GS
2.73,0.316,0.25,0.553,0.277,1,0.887,0.155,0.552,0.619,0.486,0.117,-0.265,0.083,0.479,0.23,-0.0144,0.36,0.0,0.0,0.782,Health Information Management,FBMS,100,1,GS
2.96,0.454,0.631,0.828,0.825,4,0.772,0.058,0.533,0.574,0.742,-0.027,0.056,0.262,0.596,-0.14,0.0157,0.646,0.228,0.018,0.583,Estate Management,FES,100,1,GS
2.7,0.518,0.601,0.601,0.516,0,0.554,0.146,0.051,0.227,0.397,0.038,0.139,0.22,0.271,0.38,-0.0405,0.537,0.395,0.0,0.286,Doctor of Physiotherapy,FBMS,600,2,GS
2.61,0.533,0.437,0.56,0.371,0,0.324,0.222,0.697,0.318,0.877,0.102,0.262,-0.008,0.627,0.16,-0.0384,0.477,0.113,0.0,0.263,Economics,FAMSS,300,1,GS
2.71,0.596,0.763,0.745,0.626,0,0.818,0.009,0.161,0.377,0.185,0.009,0.075,0.08,0.475,0.7,-0.0739,0.589,0.501,0.0,0.819,Public Health,FBMS,400,1,GS
3.46,0.564,0.351,0.561,0.372,0,0.512,0.286,0.261,0.605,0.698,0.03,0.184,-0.058,0.676,0.37,-0.0195,0.448,0.008,0.0,0.347,Biochemistry,FNAS,400,1,GS
2.99,1.0,0.758,0.833,0.924,0,0.622,0.084,0.779,0.329,0.717,0.343,0.08,0.038,0.57,0.56,0.0086,0.383,0.918,0.021,0.573,Economics,FAMSS,200,2,GS
2.26,0.667,0.721,0.781,0.79,0,0.429,0.238,0.403,0.59,0.747,0.131,0.314,-0.063,0.591,0.16,-0.1359,0.482,0.539,0.032,0.277,Information Technology,FNAS,300,1,GS
1.91,0.305,0.321,0.38,0.135,1,0.537,0.284,0.268,0.403,0.243,0.268,0.144,-0.114,0.116,0.22,-0.0111,0.605,0.026,0.086,0.422,Physics and Electronics,FNAS,100,2,GS
2.28,0.831,1.0,1.0,0.682,0,0.354,0.206,0.725,0.907,0.337,0.032,0.276,0.024,1.0,0.46,0.0152,0.0,0.801,0.054,0.388,Mathematics,FNAS,100,2,GS
3.78,0.981,0.752,0.86,0.558,0,0.679,0.164,0.321,0.504,0.28,-0.102,0.017,-0.209,0.858,0.77,-0.103,0.707,0.633,0.11,0.588,Information Technology,FNAS,100,1,GS
2.26,0.233,0.615,0.639,0.453,2,0.598,0.0,0.52,0.351,0.649,0.006,0.097,0.222,0.479,-0.25,0.0131,0.368,0.094,0.134,0.673,Information Technology,FNAS,100,1,GS
2.96,0.947,1.0,0.999,0.975,0,0.563,0.256,0.488,0.226,0.451,0.342,0.086,-0.03,1.0,0.11,-0.0577,0.63,0.895,0.0,0.341,Public Health,FBMS,300,2,GS
3.58,0.498,0.625,0.829,0.568,4,0.862,0.189,0.708,0.348,0.246,-0.124,-0.089,-0.079,0.547,0.03,-0.15,0.524,0.323,0.032,0.582,Mathematics,FNAS,100,1,GS
2.5,0.451,0.732,0.683,0.633,1,0.351,0.073,0.198,0.239,0.263,0.14,-0.11,-0.058,0.898,-0.44,0.0652,0.149,0.452,0.025,0.484,Health Information Management,FBMS,100,1,GS
2.25,0.654,0.608,0.537,0.386,0,0.771,0.111,0.266,0.522,1.0,0.004,0.091,0.021,0.496,0.35,-0.0612,0.565,0.498,0.0,0.501,Doctor of Physiotherapy,FBMS,400,1,GS
2.28,0.575,0.618,0.603,0.222,1,0.465,0.188,0.065,0.221,0.43,-0.162,-0.309,-0.379,0.7,0.28,0.0043,0.322,0.32,0.101,0.551,Computer Science,FNAS,200,2,NGS
2.14,0.301,0.128,0.507,0.249,5,0.457,0.164,0.0,0.198,0.584,0.233,-0.173,0.011,0.384,0.12,-0.0884,0.564,0.184,0.246,0.362,Cybersecurity,FNAS,200,1,GS
2.44,0.678,0.466,0.576,0.487,1,0.55,0.395,0.0,0.23,0.341,0.059,-0.024,0.223,0.493,0.17,-0.1278,0.169,0.291,0.123,0.279,Information Technology,FNAS,100,1,GS
3.15,0.265,0.503,0.581,0.486,0,0.781,0.104,0.561,0.7,0.134,0.014,0.238,0.13,0.439,0.45,-0.0377,0.688,0.0,0.0,0.346,Criminology and Security Studies,FAMSS,200,2,GS
2.47,0.434,0.223,0.323,0.307,2,0.724,0.302,0.11,0.928,0.473,0.186,0.243,0.115,0.479,0.55,0.1201,0.306,0.131,0.0,0.479,English and Communication,FAMSS,100,2,GS
3.12,0.783,0.519,0.859,0.373,0,0.685,0.0,0.212,0.076,0.9,-0.103,0.319,0.078,0.806,0.39,0.0721,0.336,0.44,0.0,0.736,Nursing,FBMS,200,1,GS
2.11,0.33,0.213,0.319,0.272,4,0.561,0.351,0.242,0.06,0.213,-0.251,0.033,-0.229,0.354,-0.56,0.0518,0.555,0.009,0.197,0.365,Business Administration,FAMSS,100,2,NGS
2.33,0.904,0.699,0.792,0.627,0,0.791,0.312,0.194,0.453,0.511,0.11,0.218,0.153,0.681,0.03,0.0245,0.653,0.521,0.031,0.443,Information Technology,FNAS,100,2,GS
1.44,0.442,0.423,0.481,0.345,2,0.055,0.608,0.52,0.352,0.082,-0.038,0.188,0.051,0.445,-0.57,0.1397,0.361,0.243,0.184,0.103,Doctor of Physiotherapy,FBMS,100,2,NGS
1.99,0.446,0.638,0.762,0.632,1,0.851,0.17,0.648,0.403,0.577,0.15,0.155,0.141,0.901,-0.02,-0.003,0.792,0.354,0.029,0.742,Physics and Electronics,FNAS,300,2,GS
2.91,0.522,0.698,0.639,0.356,2,0.627,0.39,0.555,0.547,0.702,0.212,-0.117,0.108,0.38,0.02,-0.0412,0.46,0.494,0.0,0.537,Economics,FAMSS,300,2,GS
2.98,1.0,1.0,1.0,0.72,0,0.663,0.061,0.357,0.059,1.0,0.209,-0.108,-0.112,0.916,0.28,-0.0191,0.395,1.0,0.012,0.564,Estate Management,FES,100,2,GS
3.04,0.603,0.662,0.699,0.463,0,0.733,0.289,0.111,0.57,0.49,0.048,0.145,-0.06,0.832,0.19,-0.1355,0.415,0.143,0.0,0.806,Industrial Chemistry,FNAS,400,1,GS
2.73,0.775,0.753,0.805,0.66,1,0.628,0.444,0.573,0.28,0.555,0.128,0.105,0.5,0.881,0.14,-0.0475,0.416,0.651,0.009,0.424,Computer Engineering,FNAS,300,2,GS
2.4,0.81,0.705,0.958,0.769,0,0.649,0.188,1.0,0.645,0.084,-0.005,-0.052,0.095,0.825,0.21,-0.0085,0.518,0.76,0.0,0.438,Accounting,FAMSS,100,1,GS
2.82,0.353,0.072,0.36,0.319,3,0.569,0.394,0.632,0.356,0.308,0.167,0.114,-0.082,0.532,-0.22,-0.0539,0.425,0.0,0.087,0.408,Estate Management,FES,400,2,GS
2.6,0.404,0.383,0.548,0.219,1,0.233,0.141,0.192,0.0,0.392,-0.015,0.0,-0.436,0.529,-0.01,0.0438,0.253,0.258,0.0,0.15,Doctor of Physiotherapy,FBMS,100,1,NGS
2.9,0.424,0.531,0.594,0.33,2,0.411,0.288,0.27,0.581,0.701,-0.0,0.221,-0.211,0.257,0.32,-0.015,0.329,0.355,0.07,0.178,Estate Management,FES,200,2,GS
2.86,0.719,0.714,0.659,0.831,0,0.496,0.443,0.856,0.695,0.631,0.148,-0.057,-0.176,0.787,0.15,0.0035,0.589,0.483,0.005,0.343,Computer Science,FNAS,100,2,GS
2.0,0.771,0.665,0.842,0.328,0,0.694,0.356,0.472,0.445,0.429,-0.082,0.293,-0.202,0.579,-0.09,0.0019,0.268,0.551,0.036,0.348,Doctor of Physiotherapy,FBMS,100,2,NGS
3.69,0.617,0.34,0.256,0.511,0,0.578,0.187,0.521,0.51,0.823,-0.092,0.179,-0.175,0.437,-0.09,0.0918,0.807,0.257,0.0,0.399,Computer Science,FNAS,200,2,GS
3.1,0.674,0.36,0.582,0.481,0,0.675,0.015,0.193,0.587,0.859,-0.166,0.08,-0.195,0.453,0.02,-0.0293,0.835,0.286,0.093,0.754,Industrial Chemistry,FNAS,100,1,GS
3.78,0.341,0.086,0.37,0.45,5,0.461,0.121,0.216,0.28,0.744,0.407,-0.286,0.5,0.406,0.22,-0.0417,0.462,0.035,0.0,0.531,Software Engineering,FNAS,100,2,GS
2.92,0.643,0.692,0.7,0.329,0,0.801,0.202,0.334,0.305,0.413,-0.01,0.321,-0.183,0.719,0.54,0.047,0.613,0.387,0.0,0.535,Computer Science,FNAS,200,2,GS
2.74,0.786,0.599,0.51,0.631,0,0.609,0.06,0.291,0.3,0.86,0.083,0.034,0.251,0.789,0.07,-0.0679,0.075,0.693,0.071,0.772,Economics,FAMSS,200,2,GS
2.46,0.455,0.564,0.501,0.529,0,0.452,0.107,0.0,0.239,0.355,-0.007,0.045,-0.172,0.381,0.16,-0.0016,0.19,0.419,0.006,0.476,Estate Management,FES,100,1,GS
1.91,0.303,0.348,0.532,0.454,2,0.717,0.17,0.112,0.254,0.558,-0.04,0.034,0.09,0.206,0.28,0.03,0.441,0.186,0.185,0.629,Mathematics,FNAS,200,1,GS
3.73,0.626,0.365,0.569,0.519,0,0.651,0.474,0.362,0.4,1.0,0.162,0.042,0.23,0.381,-0.18,-0.0127,0.581,0.215,0.032,0.284,Physics and Electronics,FNAS,100,1,GS
1.8,0.687,0.837,1.0,0.673,0,0.598,0.063,0.513,0.343,0.523,-0.066,0.022,-0.364,0.777,-0.07,-0.005,0.143,0.51,0.005,0.809,Public Health,FBMS,100,1,GS
2.06,0.592,0.523,0.377,0.539,1,0.449,0.039,0.547,0.845,0.607,0.176,0.275,-0.103,0.416,0.29,-0.0314,0.547,0.328,0.162,0.485,History and International Relations,FAMSS,300,1,GS
3.24,0.994,0.491,0.871,0.507,1,0.915,0.03,0.724,0.647,0.445,-0.153,-0.338,0.119,0.568,0.13,-0.0354,0.818,0.519,0.053,0.72,Architecture,FES,200,2,GS
2.54,0.534,0.365,0.411,0.512,4,0.581,0.431,0.426,0.219,0.709,0.016,0.166,-0.06,0.441,0.06,-0.0412,0.153,0.0,0.113,0.313,Criminology and Security Studies,FAMSS,100,2,GS
2.6,0.586,0.584,0.779,0.167,1,0.502,0.122,0.538,0.543,1.0,0.258,-0.076,-0.151,0.572,0.36,0.0573,0.804,0.262,0.0,0.628,Criminology and Security Studies,FAMSS,100,2,GS
2.87,0.549,0.66,0.609,0.559,1,0.407,0.073,0.281,0.17,0.595,0.02,0.124,0.009,0.735,0.21,-0.07,0.253,0.423,0.079,0.507,Health Information Management,FBMS,100,2,GS
2.41,0.7,0.617,0.715,0.461,1,0.65,0.174,0.717,0.809,0.809,0.192,-0.038,0.015,0.273,-0.38,-0.0735,0.432,0.45,0.052,0.519,Quantity Surveying,FES,200,1,GS
2.16,0.311,0.44,0.453,0.255,2,0.556,0.171,0.578,0.264,0.391,-0.171,0.354,0.127,0.646,-0.04,-0.0063,0.61,0.022,0.039,0.464,Nursing,FBMS,100,1,GS
2.99,0.633,0.563,0.993,0.639,0,0.596,0.233,0.363,0.179,0.616,0.061,0.044,0.178,0.16,0.21,-0.036,0.43,0.424,0.089,0.495,Architecture,FES,200,2,GS
1.99,0.518,0.534,0.54,0.61,1,0.678,0.233,0.814,0.448,0.334,0.067,0.295,0.039,0.476,0.39,-0.004,0.756,0.291,0.167,0.433,Architecture,FES,100,2,GS
1.48,0.696,0.694,0.884,0.786,0,0.643,0.405,0.826,0.604,1.0,0.017,0.032,0.139,0.589,0.31,-0.0009,0.065,0.418,0.0,0.47,Health Information Management,FBMS,100,1,GS
2.38,0.632,0.511,0.628,0.586,0,0.731,0.086,0.263,0.325,0.955,0.031,-0.08,0.287,0.919,-0.12,0.0378,0.258,0.298,0.0,0.708,Health Information Management,FBMS,400,2,GS
2.95,0.356,0.608,0.603,0.222,1,0.397,0.481,0.788,0.687,0.345,0.065,0.034,-0.163,0.296,0.06,-0.0033,0.089,0.167,0.0,0.13,Quantity Surveying,FES,400,2,GS
2.71,0.919,0.922,0.753,0.712,1,0.241,0.17,0.432,0.309,0.459,0.056,0.142,-0.011,0.844,0.57,-0.0357,0.25,0.777,0.013,0.327,Biochemistry,FNAS,200,2,GS
3.43,0.879,0.758,0.544,0.299,0,0.716,0.13,0.746,0.257,0.07,0.032,0.147,0.151,0.609,-0.26,-0.1131,0.422,0.782,0.015,0.609,Accounting,FAMSS,200,1,GS
2.44,0.626,0.799,0.762,0.67,1,0.377,0.068,0.189,0.481,0.887,-0.161,0.055,-0.17,0.736,0.34,0.0461,0.873,0.374,0.0,0.264,Health Information Management,FBMS,200,2,GS
2.62,0.783,0.59,0.877,0.453,0,0.506,0.281,0.412,0.334,1.0,0.253,0.17,-0.084,0.736,0.27,0.0246,0.429,0.522,0.02,0.414,Criminology and Security Studies,FAMSS,200,1,GS
3.24,0.645,0.648,0.795,0.494,1,0.473,0.34,0.799,0.206,0.679,0.055,0.103,0.093,0.466,0.21,0.0524,0.383,0.542,0.019,0.417,Computer Engineering,FNAS,100,1,GS
4.01,0.567,0.636,0.658,0.637,0,0.345,0.434,0.674,0.39,0.737,-0.008,0.059,-0.134,0.737,-0.25,-0.0074,0.193,0.361,0.0,0.218,Physics and Electronics,FNAS,300,2,GS
3.36,0.547,0.633,0.55,0.488,0,0.453,0.176,0.399,0.255,0.497,0.201,0.141,-0.138,0.877,-0.13,0.0272,0.426,0.275,0.0,0.413,Biochemistry,FNAS,200,2,GS
2.43,0.677,0.615,0.504,0.453,0,0.226,0.216,0.622,0.0,0.351,-0.036,-0.1,0.192,0.489,-0.17,0.0402,0.0,0.454,0.0,0.153,Computer Science,FNAS,100,2,NGS
1.5,0.637,0.589,0.637,0.46,0,0.33,0.461,0.447,0.222,0.187,0.087,0.145,-0.019,0.347,-0.12,0.0586,0.344,0.463,0.069,0.121,Computer Science,FNAS,300,2,NGS
3.17,0.335,0.489,0.43,0.15,0,0.719,0.392,0.264,0.225,0.297,-0.314,0.152,-0.025,0.379,-0.47,0.0135,0.512,0.095,0.047,0.618,Mathematics,FNAS,200,1,GS
2.85,0.456,0.483,0.641,0.391,0,0.583,0.078,0.321,0.071,0.49,0.169,0.134,0.324,0.203,-0.03,-0.0659,0.503,0.132,0.023,0.524,Estate Management,FES,100,1,GS
3.11,0.306,0.084,0.401,0.261,0,0.725,0.367,0.128,0.0,0.709,-0.048,0.05,0.005,0.401,-0.07,0.056,0.033,0.1,0.086,0.575,Estate Management,FES,100,1,GS
2.41,0.417,0.241,0.301,0.322,1,0.259,0.164,0.089,0.167,0.041,-0.281,0.097,0.091,0.166,0.15,0.0174,0.488,0.113,0.028,0.219,Software Engineering,FNAS,100,1,GS
2.06,0.812,0.874,0.839,0.792,0,0.743,0.307,0.72,0.508,0.788,0.122,-0.132,0.178,1.0,0.28,-0.0251,0.698,0.754,0.0,0.47,Physics and Electronics,FNAS,100,1,GS
1.52,0.181,0.217,0.453,0.42,1,0.512,0.432,0.214,0.501,0.871,0.18,0.263,0.002,0.366,-0.03,-0.0196,0.693,0.038,0.106,0.305,Computer Science,FNAS,100,1,GS
2.83,0.864,0.743,0.88,0.662,3,0.767,0.07,0.273,0.352,0.784,0.307,-0.001,-0.31,0.883,0.62,-0.0439,0.718,0.643,0.049,0.922,History and International Relations,FAMSS,200,2,GS
2.61,0.849,0.434,0.729,0.631,0,0.464,0.033,0.302,1.0,0.018,0.357,0.131,0.018,0.728,0.04,-0.0192,0.111,0.258,0.154,0.429,Public Health,FBMS,100,1,GS
2.03,0.917,0.606,0.667,0.621,0,0.508,0.222,0.207,0.404,0.482,-0.011,0.079,-0.229,0.517,-0.21,-0.0104,0.0,0.6,0.0,0.421,Physics and Electronics,FNAS,400,1,NGS
1.22,0.776,1.0,1.0,1.0,1,0.539,0.373,0.025,0.289,0.213,0.357,0.164,0.366,0.635,0.2,0.0183,0.062,0.57,0.097,0.34,Nursing,FBMS,400,1,GS
1.54,0.35,0.313,0.427,0.458,7,0.101,0.487,0.277,0.528,0.012,0.081,-0.162,0.086,0.534,-0.35,0.0853,0.312,0.072,0.431,0.0,Criminology and Security Studies,FAMSS,100,1,NGS
1.31,0.53,0.532,0.481,0.38,1,0.705,0.025,0.774,0.43,0.434,0.207,0.5,0.103,0.499,0.14,-0.0601,0.237,0.428,0.023,0.63,Accounting,FAMSS,100,1,GS
2.35,0.666,0.685,0.878,0.656,0,0.801,0.585,0.274,0.46,0.764,0.113,-0.02,0.019,0.657,0.12,-0.0652,0.652,0.459,0.0,0.345,Computer Engineering,FNAS,100,2,GS
3.09,0.733,0.851,0.926,0.934,0,0.657,0.261,0.37,0.661,0.502,-0.297,0.028,0.041,0.563,-0.06,-0.0851,0.769,0.856,0.024,0.508,Computer Science,FNAS,100,2,GS
3.42,0.877,0.753,0.74,0.897,1,0.487,0.199,0.685,0.813,0.697,-0.149,0.062,-0.006,0.512,0.07,0.0451,0.466,0.582,0.0,0.449,Mathematics,FNAS,300,2,GS
2.97,0.783,0.786,0.825,0.703,1,0.552,0.384,1.0,0.077,0.33,-0.045,0.067,0.213,0.582,0.33,-0.0649,0.536,0.491,0.0,0.381,Computer Science,FNAS,200,2,GS
2.51,0.63,0.495,0.691,0.439,0,0.896,0.433,0.234,0.372,0.292,0.16,0.015,-0.224,0.293,0.56,-0.0319,0.349,0.434,0.0,0.626,Cybersecurity,FNAS,200,2,GS
2.16,0.275,0.537,0.372,0.665,6,0.736,0.195,0.371,0.459,0.569,-0.147,0.011,-0.144,0.362,-0.07,-0.0018,0.039,0.135,0.268,0.648,Nursing,FBMS,100,1,GS
2.5,0.72,0.712,0.7,0.369,3,0.58,0.17,0.414,0.339,0.482,0.128,-0.015,0.138,0.361,0.11,0.0282,0.141,0.546,0.155,0.533,Computer Science,FNAS,100,1,GS
2.08,0.654,0.384,0.639,0.919,1,0.315,0.185,0.39,0.299,0.697,0.237,0.268,0.158,0.391,0.46,-0.1127,0.11,0.16,0.113,0.285,Economics,FAMSS,100,2,GS
2.17,0.551,0.178,0.488,0.288,1,0.341,0.352,0.0,0.538,0.523,-0.272,-0.155,0.251,0.379,0.47,0.0018,0.289,0.245,0.059,0.356,Software Engineering,FNAS,300,1,GS
2.91,0.723,0.303,0.645,0.718,1,0.871,0.269,0.525,0.199,0.501,0.144,0.03,0.142,0.473,0.4,-0.0742,0.798,0.299,0.063,0.78,Cybersecurity,FNAS,400,2,GS
3.08,0.396,0.309,0.331,0.336,3,0.568,0.532,0.0,0.151,0.292,-0.038,0.133,0.03,0.447,0.18,0.0745,0.485,0.095,0.003,0.203,English and Communication,FAMSS,100,1,GS
2.89,0.804,0.561,0.739,0.567,2,0.2,0.416,0.134,0.224,0.46,0.019,-0.262,-0.117,0.683,0.41,-0.0103,0.265,0.61,0.089,0.034,Public Health,FBMS,200,2,GS
2.97,0.971,0.803,1.0,0.875,0,0.589,0.0,0.169,0.67,0.968,0.156,-0.168,-0.157,0.956,0.29,-0.0186,0.724,0.69,0.0,0.679,Computer Science,FNAS,300,1,GS
2.45,0.598,0.747,0.718,0.474,1,0.283,0.204,0.366,0.733,0.572,0.167,-0.302,0.001,0.54,0.06,0.0341,0.0,0.458,0.038,0.181,Economics,FAMSS,100,1,GS
3.74,0.245,0.564,0.512,0.279,1,0.217,0.527,0.571,0.584,0.291,-0.095,0.104,0.0,0.215,-0.27,-0.0174,0.421,0.305,0.146,0.024,Computer Science,FNAS,200,2,GS
2.99,0.271,0.651,0.119,0.082,4,0.796,0.03,0.191,0.467,0.369,0.147,0.049,-0.141,0.356,-0.04,0.0425,0.489,0.048,0.115,0.907,Nursing,FBMS,100,2,GS
2.16,0.735,0.612,0.503,0.474,0,0.572,0.352,0.269,0.245,0.743,-0.115,0.362,0.028,0.292,0.3,0.0929,0.319,0.542,0.055,0.415,Industrial Chemistry,FNAS,300,2,GS
3.33,0.731,0.572,0.426,0.491,2,0.592,0.204,0.484,0.618,0.811,0.218,0.192,0.063,0.501,0.01,-0.0114,0.469,0.556,0.0,0.579,Nursing,FBMS,100,2,GS
4.19,1.0,0.992,1.0,1.0,1,0.684,0.03,0.559,0.089,0.495,-0.047,-0.0,0.131,1.0,0.24,-0.0171,0.184,0.993,0.0,0.844,Accounting,FAMSS,200,2,GS
1.78,0.672,0.298,0.615,0.438,1,0.405,0.234,0.114,0.629,0.803,0.244,0.161,-0.043,0.158,0.66,-0.0478,0.237,0.296,0.145,0.247,Quantity Surveying,FES,300,1,GS
2.21,0.191,0.224,0.458,0.295,3,0.033,0.294,0.172,0.375,0.192,-0.261,-0.312,-0.175,0.269,-0.49,0.1072,0.695,0.0,0.172,0.191,Physics and Electronics,FNAS,200,2,NGS
2.64,0.632,0.682,0.563,0.613,1,0.844,0.31,0.786,0.682,0.465,0.253,0.095,0.033,0.943,0.12,-0.0484,0.29,0.353,0.084,0.69,Information Technology,FNAS,200,1,GS
2.35,0.123,0.04,0.091,0.003,4,0.339,0.406,0.235,0.547,0.013,-0.016,-0.272,-0.186,0.0,0.04,0.0716,0.094,0.214,0.145,0.006,Economics,FAMSS,100,1,GS
2.25,0.679,0.421,0.62,0.584,2,0.508,0.184,0.0,0.355,0.44,0.094,-0.021,-0.076,0.473,-0.0,0.0127,0.309,0.272,0.108,0.517,Health Information Management,FBMS,400,2,GS
2.59,0.475,0.298,0.535,0.505,0,0.361,0.498,0.316,0.275,0.232,-0.008,-0.018,0.059,0.228,-0.38,-0.0176,0.418,0.0,0.0,0.278,Nursing,FBMS,200,2,GS
3.2,0.875,0.798,0.862,0.908,0,0.85,0.243,0.235,0.367,0.688,-0.078,-0.038,-0.12,0.86,0.03,-0.0583,0.853,0.74,0.125,0.434,Computer Science,FNAS,200,2,GS
3.72,0.435,0.521,0.485,0.608,0,0.398,0.348,0.259,0.0,0.157,0.051,0.095,0.141,0.261,0.28,-0.0522,0.466,0.109,0.109,0.191,Cybersecurity,FNAS,100,2,GS
3.54,0.675,0.574,0.762,0.866,1,0.78,0.03,0.487,0.861,0.851,0.026,-0.076,0.05,0.226,0.22,-0.0515,0.69,0.561,0.0,0.788,Physics and Electronics,FNAS,100,2,GS
3.61,0.564,0.447,0.471,0.711,3,0.416,0.471,0.649,0.052,0.782,0.178,-0.102,-0.096,0.536,-0.1,-0.0998,0.166,0.155,0.0,0.288,Software Engineering,FNAS,100,2,GS
2.09,0.922,0.553,0.699,0.617,1,0.743,0.255,0.54,0.5,0.925,-0.145,0.164,0.231,0.603,0.2,0.0289,0.0,0.441,0.116,0.269,Computer Engineering,FNAS,100,1,GS
2.64,0.738,0.566,0.608,0.615,0,0.896,0.144,0.743,0.195,0.893,-0.067,0.158,0.199,0.409,0.21,-0.0096,0.39,0.468,0.01,0.876,Biochemistry,FNAS,400,1,GS
2.49,0.685,0.727,0.63,0.707,0,0.671,0.279,0.52,0.0,0.713,0.291,0.068,0.225,0.695,0.17,0.0099,0.411,0.475,0.029,0.488,Industrial Chemistry,FNAS,200,2,GS
2.4,0.662,0.652,0.679,0.392,0,0.581,0.245,0.315,0.607,0.61,0.264,-0.073,-0.19,0.622,-0.08,-0.025,0.62,0.305,0.069,0.74,Accounting,FAMSS,200,2,GS
1.8,0.762,0.875,0.754,0.514,0,0.675,0.0,0.525,0.553,0.885,0.166,0.235,0.148,0.618,-0.07,-0.046,0.583,0.421,0.001,0.627,Economics,FAMSS,300,1,GS
3.44,0.714,0.847,0.654,0.458,1,0.688,0.111,0.495,0.367,0.502,0.09,-0.142,0.106,0.491,-0.1,0.0014,0.485,0.705,0.0,0.603,Software Engineering,FNAS,400,2,GS
3.02,0.719,0.556,0.854,0.468,2,0.761,0.134,0.723,0.517,0.452,0.178,-0.063,-0.034,0.05,0.24,-0.0365,0.169,0.267,0.0,0.6,Cybersecurity,FNAS,200,2,GS
3.62,0.847,0.757,0.993,1.0,0,0.723,0.109,0.737,0.506,1.0,-0.019,0.181,-0.474,0.96,0.54,-0.0548,0.517,0.687,0.058,0.624,Architecture,FES,200,1,GS
2.66,0.334,0.364,0.565,0.359,2,0.919,0.03,0.084,0.438,0.373,0.185,-0.224,0.321,0.547,-0.01,-0.0288,0.475,0.302,0.0,1.0,Criminology and Security Studies,FAMSS,400,2,GS
4.07,0.42,0.324,0.528,0.434,3,0.721,0.135,0.362,0.498,0.84,0.055,-0.143,-0.149,0.489,0.08,-0.0226,0.6,0.099,0.0,0.673,Software Engineering,FNAS,100,2,GS
2.08,0.445,0.536,0.788,0.466,1,0.937,0.104,0.457,0.217,0.399,0.309,0.146,0.149,0.599,0.55,0.0194,0.59,0.335,0.055,0.848,Doctor of Physiotherapy,FBMS,300,1,GS
2.54,0.914,0.776,1.0,0.867,0,0.819,0.14,0.29,0.198,0.653,0.259,-0.1,0.163,0.697,0.04,0.0541,0.444,0.694,0.0,0.83,Quantity Surveying,FES,100,1,GS
2.55,0.564,0.429,0.545,0.459,1,0.633,0.171,0.684,0.105,0.662,-0.001,-0.041,-0.072,0.359,0.41,0.0135,0.541,0.265,0.013,0.38,Physics and Electronics,FNAS,300,1,GS
2.8,0.506,0.373,0.384,0.436,1,0.49,0.352,0.356,0.893,0.653,-0.045,0.103,0.229,0.46,-0.18,-0.0351,0.378,0.069,0.107,0.46,Criminology and Security Studies,FAMSS,100,1,GS
2.18,0.319,0.178,0.262,0.027,2,0.383,0.263,0.0,0.132,0.337,-0.166,-0.095,-0.024,0.034,-0.12,-0.0108,0.044,0.0,0.069,0.15,Business Administration,FAMSS,100,1,NGS
3.55,0.679,0.867,0.577,0.666,0,0.73,0.03,0.851,0.863,0.716,-0.078,-0.328,-0.045,0.934,-0.1,0.0227,0.3,0.481,0.0,0.54,Accounting,FAMSS,100,2,GS
2.64,0.72,0.654,0.851,0.619,1,0.342,0.576,0.053,0.483,0.0,-0.035,-0.052,0.134,0.705,-0.07,-0.0296,0.0,0.72,0.008,0.008,Health Information Management,FBMS,200,1,GS
2.38,0.938,1.0,1.0,0.839,0,0.453,0.428,0.773,0.546,0.671,-0.031,-0.181,0.1,1.0,0.31,0.0239,0.343,0.809,0.084,0.238,Software Engineering,FNAS,300,1,GS
2.13,0.62,0.512,0.708,0.575,0,0.399,0.0,0.206,0.527,0.296,0.105,0.165,-0.084,0.436,0.09,-0.0323,0.267,0.19,0.059,0.336,Cybersecurity,FNAS,200,1,GS
3.96,0.583,0.689,0.785,0.553,0,0.601,0.0,0.687,0.658,0.489,-0.133,0.277,0.187,0.678,0.13,-0.0394,0.384,0.567,0.0,0.677,Estate Management,FES,200,1,GS
1.97,0.228,0.023,0.494,0.377,2,0.287,0.28,0.283,0.046,0.136,-0.228,-0.037,0.115,0.221,-0.02,0.0868,0.0,0.073,0.14,0.256,Cybersecurity,FNAS,100,2,NGS
3.54,0.959,1.0,0.799,0.916,0,0.81,0.282,0.413,0.615,0.994,0.095,0.129,-0.125,0.944,-0.02,-0.0435,0.758,0.988,0.059,0.647,Public Health,FBMS,100,1,GS
2.93,0.891,0.541,0.65,0.985,0,0.528,0.188,0.264,0.498,0.481,0.112,-0.13,0.053,0.661,0.27,-0.0169,0.435,0.316,0.0,0.52,Nursing,FBMS,100,2,GS
2.09,0.919,0.839,0.894,0.751,0,0.839,0.135,0.726,0.669,0.633,0.163,0.049,0.033,0.533,-0.26,0.0117,0.508,0.756,0.0,0.713,Physics and Electronics,FNAS,100,1,GS
0.65,0.142,0.194,0.447,0.409,2,0.368,0.218,0.316,0.0,0.221,-0.251,-0.056,0.313,0.289,-0.52,0.0979,0.331,0.0,0.205,0.231,Economics,FAMSS,100,1,NGS
2.06,0.556,0.367,0.747,0.508,1,0.592,0.005,1.0,0.0,0.511,0.397,-0.045,-0.054,0.744,-0.13,-0.0526,0.564,0.365,0.04,0.642,Industrial Chemistry,FNAS,200,1,GS
3.02,0.434,0.668,0.478,0.739,0,0.457,0.278,0.188,0.802,0.512,-0.055,-0.129,0.082,0.55,0.02,0.0422,0.683,0.264,0.0,0.368,Software Engineering,FNAS,100,1,GS
3.1,0.517,0.629,0.557,0.372,1,0.743,0.132,0.179,0.542,0.73,0.166,0.073,0.09,0.478,-0.41,0.0234,0.249,0.171,0.12,0.621,Computer Engineering,FNAS,300,2,GS
2.98,0.401,0.302,0.558,0.65,4,0.756,0.196,0.665,0.394,0.1,0.051,-0.139,0.087,0.398,-0.07,0.0005,0.465,0.266,0.108,0.688,Mathematics,FNAS,100,1,GS
2.07,0.234,0.463,0.409,0.473,4,0.556,0.314,0.205,0.045,0.442,-0.057,-0.037,-0.063,0.28,0.08,0.1073,0.089,0.066,0.139,0.502,Nursing,FBMS,100,2,NGS
1.66,0.0,0.179,0.133,0.195,4,0.32,0.542,0.506,0.18,0.018,-0.2,-0.08,-0.286,0.001,-0.29,-0.0139,0.442,0.186,0.249,0.132,Quantity Surveying,FES,200,2,NGS
1.19,0.894,0.778,0.854,0.902,0,0.649,0.524,0.14,0.14,0.764,0.356,0.233,0.099,0.884,-0.32,-0.0305,0.721,0.761,0.0,0.235,Mathematics,FNAS,100,2,GS
2.53,0.557,0.472,0.601,0.315,1,0.608,0.286,0.402,0.915,0.34,0.129,-0.047,0.021,0.609,0.03,-0.033,0.0,0.389,0.0,0.331,Cybersecurity,FNAS,200,1,GS
3.15,1.0,0.76,0.755,1.0,0,0.668,0.021,0.423,0.472,0.678,0.149,0.138,0.048,0.899,0.16,0.0314,0.59,0.801,0.0,0.724,English and Communication,FAMSS,100,1,GS
2.71,1.0,1.0,1.0,1.0,0,0.793,0.506,0.349,0.368,0.457,0.026,0.068,0.138,0.806,-0.12,-0.0398,0.111,0.842,0.101,0.38,Health Information Management,FBMS,200,2,GS
2.51,0.291,0.329,0.427,0.574,5,0.375,0.494,0.104,0.0,0.481,-0.097,-0.039,-0.227,0.392,-0.21,-0.0226,0.058,0.039,0.227,0.183,Nursing,FBMS,300,1,GS
2.0,0.19,0.259,0.464,0.242,3,0.404,0.474,0.489,0.209,0.238,-0.035,0.027,0.023,0.139,0.05,0.0627,0.217,0.0,0.176,0.092,History and International Relations,FAMSS,100,1,GS
3.35,0.122,0.139,0.396,0.243,2,0.968,0.0,0.148,0.186,0.561,-0.067,-0.049,-0.147,0.166,0.24,-0.0175,0.558,0.072,0.058,0.956,English and Communication,FAMSS,100,1,GS
1.59,0.639,0.509,0.558,0.443,1,0.469,0.043,0.439,0.252,0.316,0.057,0.16,0.038,0.649,0.06,-0.0494,0.005,0.311,0.081,0.33,Architecture,FES,100,1,GS
2.07,0.596,0.671,0.542,0.593,2,0.478,0.0,0.444,0.381,0.373,0.205,0.12,-0.181,0.661,-0.05,-0.0471,0.0,0.597,0.048,0.52,Doctor of Physiotherapy,FBMS,100,1,GS
1.95,0.673,0.317,0.954,0.54,0,0.699,0.03,0.488,0.412,0.836,0.226,0.241,0.083,0.59,0.03,-0.0364,0.0,0.207,0.004,0.484,Architecture,FES,200,2,GS
2.41,0.653,0.579,0.627,0.588,1,0.517,0.473,0.458,0.856,0.472,-0.085,0.025,0.071,0.633,0.42,-0.0268,0.606,0.321,0.082,0.5,Mathematics,FNAS,300,2,GS
2.52,0.545,0.682,0.705,0.599,2,0.629,0.03,0.0,0.436,0.672,0.087,0.229,-0.025,0.779,0.34,0.022,0.306,0.371,0.15,0.521,Public Health,FBMS,200,2,GS
1.68,1.0,0.894,0.983,0.529,0,0.569,0.453,0.401,0.551,0.361,-0.065,0.33,0.472,0.807,0.43,-0.111,0.277,0.954,0.011,0.438,Biochemistry,FNAS,400,2,GS
2.6,0.533,0.477,0.686,0.581,0,0.449,0.338,0.082,0.511,0.462,0.057,0.052,0.012,0.664,0.05,-0.0848,0.23,0.272,0.019,0.433,Computer Engineering,FNAS,300,1,GS
1.71,0.48,0.53,0.294,0.239,1,0.109,0.511,0.228,0.322,0.48,-0.212,-0.081,-0.065,0.578,-0.06,0.0169,0.156,0.246,0.09,0.004,Doctor of Physiotherapy,FBMS,100,2,NGS
2.86,0.225,0.295,0.23,0.239,5,0.51,0.483,0.661,0.757,0.265,-0.018,0.23,-0.006,0.324,0.15,0.0195,0.816,0.059,0.156,0.359,Nursing,FBMS,100,2,GS
1.9,1.0,0.778,0.784,0.869,0,0.487,0.386,0.388,0.568,0.83,0.053,0.316,0.329,0.822,-0.04,-0.0997,0.532,0.679,0.0,0.339,Mathematics,FNAS,400,2,GS
3.68,0.342,0.815,0.516,0.328,0,0.377,0.285,0.222,0.0,0.298,-0.307,-0.215,-0.028,0.532,-0.2,0.0993,0.413,0.375,0.0,0.269,Nursing,FBMS,100,2,GS
2.59,0.57,0.395,0.556,0.333,0,0.528,0.0,0.119,0.36,0.197,0.06,0.195,0.06,0.477,0.14,-0.0161,0.479,0.119,0.0,0.483,Public Health,FBMS,200,1,GS
2.94,0.652,0.714,0.719,0.391,0,0.718,0.0,0.323,0.486,0.536,-0.141,0.139,-0.059,0.559,0.28,0.0056,0.43,0.396,0.0,0.775,Computer Engineering,FNAS,300,1,GS
2.02,0.533,0.501,0.555,0.35,1,0.461,0.711,0.0,0.167,0.127,-0.106,-0.027,0.226,0.517,-0.11,0.0039,0.431,0.258,0.099,0.225,History and International Relations,FAMSS,100,2,GS
2.91,0.867,1.0,1.0,0.63,0,0.256,0.121,0.627,0.578,0.464,0.242,-0.085,0.295,0.994,0.17,0.0119,0.408,0.844,0.0,0.151,History and International Relations,FAMSS,300,1,GS
3.0,0.739,0.64,0.575,0.501,0,0.569,0.108,0.471,0.61,0.566,-0.02,-0.145,-0.033,0.595,0.74,0.0285,0.89,0.587,0.118,0.527,Computer Science,FNAS,200,1,GS
3.96,0.746,0.535,0.565,0.568,3,0.655,0.207,0.221,0.522,0.432,0.36,0.009,-0.19,0.498,0.09,0.0062,0.658,0.214,0.0,0.496,Cybersecurity,FNAS,200,1,GS
3.46,0.431,0.773,0.758,0.454,3,0.564,0.49,0.274,0.279,0.69,0.037,0.073,-0.219,0.628,0.04,-0.0988,0.595,0.453,0.0,0.317,Accounting,FAMSS,100,2,GS
1.74,0.725,0.659,0.727,0.467,1,0.666,0.223,0.258,0.463,0.443,0.197,0.194,-0.155,0.507,0.21,0.0474,0.584,0.502,0.0,0.513,Computer Science,FNAS,100,1,GS
2.71,0.692,0.85,0.69,0.683,1,0.692,0.197,0.869,0.328,0.605,0.196,-0.129,0.041,0.421,0.04,0.0335,0.898,0.542,0.171,0.647,Nursing,FBMS,300,1,GS
2.53,0.674,0.302,0.616,0.675,0,0.863,0.246,0.266,0.651,0.686,-0.143,0.005,-0.065,0.825,0.47,-0.066,0.447,0.156,0.0,0.685,Information Technology,FNAS,100,1,GS
3.14,0.316,0.156,0.309,0.383,3,0.538,0.225,0.201,0.049,0.603,0.166,0.071,-0.089,0.209,0.13,-0.0155,0.18,0.0,0.042,0.447,Information Technology,FNAS,100,1,GS
2.67,1.0,0.942,0.965,0.824,1,0.494,0.157,0.419,0.649,0.665,0.019,0.043,-0.105,0.798,-0.22,0.0183,0.0,0.914,0.035,0.35,Doctor of Physiotherapy,FBMS,300,2,GS
2.59,0.863,0.934,0.632,0.603,0,0.833,0.125,0.559,0.508,0.959,0.01,0.187,-0.166,0.593,-0.08,-0.0427,0.612,0.62,0.0,0.784,Estate Management,FES,100,1,GS
2.95,0.467,0.17,0.489,0.506,0,0.497,0.195,0.575,0.372,0.58,0.227,0.446,-0.154,0.293,0.4,-0.0428,0.344,0.04,0.0,0.132,History and International Relations,FAMSS,100,1,GS
2.83,0.34,0.432,0.623,0.448,0,0.433,0.517,0.293,0.196,0.027,-0.051,-0.277,-0.129,0.324,-0.24,-0.0383,0.263,0.06,0.0,0.101,Computer Science,FNAS,300,1,GS
0.89,0.032,0.252,0.241,0.338,5,0.155,0.655,0.405,0.3,0.203,0.08,-0.092,-0.073,0.033,-0.35,-0.0063,0.344,0.05,0.428,0.064,Cybersecurity,FNAS,100,2,NGS
1.62,0.37,0.255,0.392,0.283,1,0.126,0.396,0.397,0.0,0.268,0.067,-0.027,0.073,0.098,-0.46,0.0796,0.087,0.069,0.152,0.0,English and Communication,FAMSS,200,1,NGS
1.99,0.25,0.073,0.415,0.615,3,0.643,0.235,0.164,0.072,0.507,-0.407,-0.274,-0.067,0.272,-0.29,-0.0508,0.347,0.0,0.106,0.496,Cybersecurity,FNAS,100,1,NGS
3.19,0.345,0.243,0.438,0.399,2,0.513,0.03,0.27,0.563,0.392,0.06,-0.113,0.095,0.595,-0.08,-0.0677,0.307,0.33,0.0,0.405,Information Technology,FNAS,100,2,GS
2.14,0.399,0.659,0.521,0.486,3,0.596,0.121,0.248,0.267,0.475,0.148,0.094,0.101,0.658,0.36,-0.0378,0.76,0.282,0.201,0.61,Criminology and Security Studies,FAMSS,100,2,GS
3.63,0.701,0.963,0.876,0.81,1,0.337,0.277,0.566,0.377,0.689,-0.035,0.18,0.235,0.887,-0.03,0.076,0.628,0.652,0.0,0.284,History and International Relations,FAMSS,100,2,GS
2.0,0.815,0.567,0.738,0.647,0,0.448,0.539,0.572,0.503,0.443,-0.049,0.281,-0.213,0.478,-0.13,-0.15,0.853,0.572,0.0,0.467,Information Technology,FNAS,400,1,GS
2.9,0.976,0.901,0.804,0.942,0,0.55,0.202,0.028,0.457,0.412,-0.08,-0.233,0.241,0.569,0.41,-0.0815,0.643,0.81,0.0,0.416,Business Administration,FAMSS,200,1,GS
2.28,0.789,0.733,0.768,0.777,0,0.818,0.283,0.294,0.609,0.545,-0.02,-0.105,0.003,0.623,0.72,0.0376,0.0,0.398,0.047,0.637,Public Health,FBMS,100,1,GS
2.81,0.437,0.304,0.493,0.557,2,0.598,0.206,0.329,0.481,0.78,0.003,-0.034,0.029,0.242,0.21,0.0217,0.168,0.107,0.101,0.586,Biochemistry,FNAS,300,1,GS
2.17,0.459,0.236,0.406,0.334,3,0.71,0.303,0.0,0.565,0.493,-0.153,0.329,0.055,0.264,0.41,-0.0251,0.116,0.0,0.132,0.295,Health Information Management,FBMS,100,2,GS
3.44,0.821,0.497,0.805,0.586,0,0.311,0.0,0.615,0.246,0.787,-0.001,-0.144,0.065,0.579,0.47,-0.0535,0.837,0.131,0.022,0.029,Business Administration,FAMSS,100,1,GS
2.82,0.374,0.534,0.379,0.389,2,0.532,0.358,0.068,0.418,0.96,0.074,0.254,-0.035,0.273,0.47,0.0222,0.51,0.357,0.0,0.396,Criminology and Security Studies,FAMSS,100,2,GS
1.7,0.459,0.404,0.583,0.439,0,0.52,0.059,0.33,0.217,0.413,0.095,-0.024,0.02,0.755,0.05,-0.0638,0.54,0.441,0.039,0.384,Cybersecurity,FNAS,300,2,GS
2.7,0.546,0.685,0.683,0.65,1,0.78,0.226,0.241,0.877,1.0,0.093,0.229,0.028,0.57,0.69,0.0145,0.685,0.25,0.024,0.619,Economics,FAMSS,100,1,GS
2.88,0.604,0.673,0.647,0.533,0,0.717,0.103,0.441,0.502,0.336,0.181,0.161,0.137,0.351,0.47,-0.1475,0.739,0.497,0.048,0.6,Accounting,FAMSS,200,1,GS
2.33,0.644,0.808,0.708,0.706,2,0.594,0.163,0.449,0.07,0.299,0.024,0.137,0.265,0.531,-0.13,0.1007,0.133,0.481,0.055,0.546,Business Administration,FAMSS,100,2,GS
2.74,0.675,0.978,0.876,0.761,0,0.569,0.165,0.263,0.532,0.965,0.041,0.068,-0.107,0.738,0.6,-0.0989,0.67,0.727,0.0,0.448,Computer Science,FNAS,200,2,GS
2.89,0.895,0.775,1.0,0.593,2,0.486,0.379,0.306,0.45,0.815,0.358,0.365,-0.121,0.509,-0.04,-0.0062,0.634,0.84,0.042,0.196,Computer Engineering,FNAS,100,2,GS
2.52,0.561,0.512,0.736,0.646,1,0.713,0.311,0.087,0.443,0.723,0.136,0.293,0.12,0.64,0.33,-0.04,0.548,0.28,0.056,0.301,Criminology and Security Studies,FAMSS,300,1,GS
1.63,0.399,0.456,0.627,0.321,1,0.439,0.175,0.241,0.514,0.657,0.143,0.067,-0.108,0.436,-0.06,0.0026,0.473,0.104,0.12,0.569,Computer Engineering,FNAS,100,1,GS
1.38,0.276,0.26,0.132,0.0,4,0.811,0.352,0.165,0.252,0.489,-0.349,-0.103,0.101,0.0,-0.14,0.1154,0.192,0.025,0.31,0.483,Computer Engineering,FNAS,400,1,NGS
2.0,0.665,0.0,0.516,0.237,2,0.734,0.435,0.231,0.08,0.284,0.061,-0.009,-0.162,0.302,-0.22,-0.0748,0.56,0.003,0.006,0.452,Cybersecurity,FNAS,100,1,GS
1.46,0.631,0.156,0.732,0.272,1,0.424,0.352,0.595,0.83,0.446,0.304,0.155,0.115,0.462,0.55,0.0111,0.5,0.314,0.063,0.474,Quantity Surveying,FES,100,2,GS
2.02,0.436,0.483,0.706,0.482,1,0.473,0.444,0.278,0.294,0.374,-0.107,0.103,0.081,0.549,-0.22,-0.0042,0.378,0.271,0.069,0.446,Biochemistry,FNAS,100,1,GS
3.87,0.721,0.738,1.0,0.959,1,0.912,0.075,0.119,0.73,0.563,-0.193,0.063,0.238,1.0,0.55,-0.0375,0.503,0.42,0.064,0.72,Cybersecurity,FNAS,200,1,GS
1.13,0.482,0.562,0.292,0.254,2,0.369,0.424,0.401,0.246,0.195,-0.016,-0.137,-0.132,0.26,-0.14,0.0035,0.289,0.25,0.275,0.172,Doctor of Physiotherapy,FBMS,500,1,NGS
3.59,0.593,0.587,0.551,0.577,1,0.46,0.381,0.895,0.422,0.43,-0.163,0.186,0.164,0.653,0.16,-0.0446,0.292,0.258,0.0,0.422,Computer Engineering,FNAS,100,2,GS
3.4,0.774,0.618,0.642,0.866,0,0.785,0.217,0.231,0.85,0.627,-0.108,0.191,0.198,0.773,-0.07,-0.0181,0.386,0.548,0.0,0.57,Estate Management,FES,200,1,GS
2.91,1.0,1.0,1.0,0.944,0,0.502,0.175,0.323,0.365,1.0,0.17,-0.056,-0.03,1.0,-0.25,-0.0744,0.508,0.914,0.003,0.315,Computer Science,FNAS,300,1,GS
1.59,0.632,0.531,0.361,0.461,1,0.34,0.112,0.529,0.32,0.43,0.003,-0.01,0.132,0.215,0.33,-0.094,0.584,0.234,0.147,0.007,Information Technology,FNAS,200,1,GS
2.13,0.263,0.295,0.48,0.267,2,0.355,0.162,0.004,0.414,0.388,0.318,-0.262,0.048,0.085,-0.43,-0.0258,0.0,0.137,0.14,0.649,Computer Engineering,FNAS,400,2,GS
2.16,0.094,0.109,0.356,0.14,3,0.618,0.694,0.231,0.0,0.362,-0.2,-0.175,-0.279,0.0,-0.48,0.1083,0.141,0.0,0.232,0.301,Economics,FAMSS,200,2,NGS
2.24,1.0,1.0,0.995,0.836,1,0.459,0.3,0.896,0.746,0.601,0.059,0.035,0.273,0.864,0.24,-0.0469,0.869,1.0,0.038,0.245,Biochemistry,FNAS,300,1,GS
3.21,0.558,0.404,0.785,0.492,1,0.697,0.172,0.391,0.249,0.689,-0.057,0.299,0.168,0.188,0.39,0.0318,0.345,0.254,0.027,0.484,Business Administration,FAMSS,400,2,GS
3.66,0.688,0.673,0.508,0.367,1,0.239,0.081,0.287,0.0,0.522,-0.203,0.191,-0.003,0.579,-0.64,0.0579,0.232,0.371,0.0,0.15,Public Health,FBMS,300,2,GS
2.8,0.322,0.624,0.585,0.376,1,0.557,0.189,0.743,0.577,0.698,0.012,0.028,-0.098,0.38,0.07,-0.0553,0.337,0.156,0.056,0.467,Physics and Electronics,FNAS,100,2,GS
2.83,0.577,0.59,0.882,0.658,2,0.595,0.018,0.539,0.556,0.479,0.217,0.266,0.143,0.729,0.04,-0.0301,0.025,0.302,0.03,0.673,Information Technology,FNAS,100,1,GS
2.91,0.655,0.493,0.708,0.766,0,0.861,0.0,0.178,0.371,0.17,-0.097,0.051,-0.212,0.391,-0.18,-0.0889,0.699,0.394,0.07,0.804,Quantity Surveying,FES,100,1,GS
2.74,0.796,0.497,0.588,0.523,0,0.911,0.26,0.363,0.614,0.701,0.144,0.086,0.066,0.271,-0.11,0.0195,0.841,0.668,0.0,0.749,Cybersecurity,FNAS,300,2,GS
2.69,0.704,0.938,0.553,0.675,0,0.745,0.145,0.437,0.919,0.586,-0.054,0.032,-0.154,0.599,-0.05,-0.095,0.868,0.636,0.0,0.696,Industrial Chemistry,FNAS,200,2,GS
3.32,0.736,0.516,0.769,0.561,0,0.619,0.275,0.446,0.571,0.677,0.16,0.268,0.291,0.584,0.3,0.0122,0.472,0.455,0.153,0.236,Quantity Surveying,FES,100,2,GS
2.69,0.692,0.934,0.835,0.742,0,0.506,0.057,0.633,0.748,0.708,0.219,0.124,0.178,0.898,0.36,-0.15,0.031,0.698,0.083,0.602,Physics and Electronics,FNAS,100,1,GS
3.28,0.618,0.257,0.755,0.466,3,0.605,0.424,0.297,0.266,0.632,-0.2,0.076,0.18,0.517,0.28,-0.0422,0.045,0.217,0.026,0.33,Software Engineering,FNAS,100,1,GS
2.85,0.487,0.306,0.707,0.427,0,0.58,0.299,0.55,0.413,0.543,0.4,0.035,0.366,0.526,-0.08,0.0408,0.701,0.085,0.0,0.216,Estate Management,FES,100,2,GS
1.68,0.651,0.482,0.595,0.575,0,0.43,0.175,0.58,0.654,0.692,-0.023,0.086,0.238,0.56,0.44,0.0105,0.218,0.421,0.021,0.117,History and International Relations,FAMSS,100,1,GS
3.36,0.392,0.118,0.446,0.124,3,0.656,0.168,0.38,0.564,0.569,-0.116,0.161,-0.016,0.105,-0.3,0.0231,0.475,0.0,0.065,0.749,English and Communication,FAMSS,100,1,GS
1.39,0.846,0.756,0.471,0.47,0,0.414,0.367,0.003,0.051,0.408,-0.008,0.113,-0.055,0.291,-0.4,0.0591,0.207,0.674,0.026,0.0,Business Administration,FAMSS,400,1,NGS
3.21,0.815,0.554,0.855,0.57,2,0.813,0.451,0.345,0.359,0.194,-0.081,-0.045,-0.243,0.655,0.57,0.1037,0.335,0.535,0.014,0.583,Estate Management,FES,200,1,GS
1.54,0.581,0.57,0.612,0.83,2,0.609,0.017,0.097,0.293,0.508,0.054,0.179,-0.086,0.543,-0.35,-0.0547,0.612,0.254,0.11,0.592,Computer Science,FNAS,400,1,NGS
2.93,0.445,0.309,0.715,0.406,1,0.425,0.216,0.639,0.769,0.646,0.132,0.164,-0.003,0.62,0.11,0.0153,0.0,0.089,0.0,0.291,Architecture,FES,300,1,GS
2.99,0.96,0.9,0.793,0.772,0,0.454,0.507,0.502,0.604,0.329,-0.209,0.025,0.123,0.63,0.64,-0.0,0.473,0.923,0.063,0.213,Accounting,FAMSS,200,2,GS
2.56,0.51,0.275,0.704,0.568,1,0.525,0.246,0.396,0.679,0.382,-0.002,-0.172,-0.205,0.426,-0.07,-0.0375,0.367,0.064,0.056,0.441,Doctor of Physiotherapy,FBMS,400,1,GS
2.94,0.648,0.749,0.829,0.811,1,0.704,0.234,0.332,0.285,0.215,0.029,0.415,0.192,0.83,0.15,-0.0143,0.569,0.506,0.047,0.515,Biochemistry,FNAS,100,1,GS
2.95,0.411,0.188,0.564,0.358,0,0.288,0.047,0.29,0.646,0.411,0.148,0.113,0.296,0.529,0.36,0.0402,0.138,0.018,0.0,0.0,Mathematics,FNAS,300,2,GS
2.56,0.691,0.302,0.38,0.373,1,0.685,0.218,0.091,0.152,0.432,0.146,0.074,0.12,0.548,0.58,-0.031,0.587,0.249,0.104,0.76,Nursing,FBMS,100,2,GS
3.31,0.57,0.485,0.899,0.535,1,0.616,0.438,0.24,0.865,0.295,-0.021,-0.097,0.048,0.571,0.29,-0.0855,0.18,0.328,0.0,0.223,Doctor of Physiotherapy,FBMS,300,1,GS
2.11,0.409,0.443,0.43,0.281,2,0.137,0.685,0.081,0.168,0.479,0.002,0.021,0.018,0.322,-0.15,0.0877,0.431,0.189,0.126,0.095,History and International Relations,FAMSS,200,2,GS
2.51,0.84,0.726,1.0,0.428,2,0.637,0.241,0.112,0.437,0.765,-0.045,0.427,0.028,0.682,-0.1,-0.0224,0.414,0.346,0.017,0.544,Computer Engineering,FNAS,100,1,GS
3.71,0.825,1.0,1.0,0.802,0,0.943,0.121,0.757,0.605,0.49,0.162,0.338,0.12,0.754,-0.6,-0.0608,0.183,0.893,0.048,0.83,Doctor of Physiotherapy,FBMS,100,1,GS
2.24,0.211,0.493,0.157,0.338,0,0.377,0.469,0.055,0.457,0.376,-0.128,-0.003,0.293,0.328,0.14,0.0545,0.312,0.12,0.0,0.199,Biochemistry,FNAS,200,1,GS
2.68,0.577,0.305,0.689,0.351,1,0.509,0.36,0.01,0.033,0.131,0.309,0.112,0.035,0.398,0.12,-0.0731,0.271,0.203,0.0,0.251,Public Health,FBMS,300,1,GS
2.27,0.333,0.088,0.183,0.436,2,0.663,0.298,0.15,0.655,0.321,-0.021,-0.237,0.156,0.165,-0.11,-0.0057,0.576,0.0,0.269,0.493,Business Administration,FAMSS,300,1,GS
2.93,0.855,0.87,0.634,0.913,1,0.757,0.158,0.231,0.457,0.596,0.04,0.126,0.109,0.835,0.3,-0.0355,0.0,0.699,0.0,0.428,Doctor of Physiotherapy,FBMS,100,1,GS
3.36,0.6,0.582,0.564,0.415,1,0.708,0.0,0.203,0.0,0.295,0.055,-0.069,0.005,0.541,-0.16,-0.0782,0.352,0.444,0.019,0.778,Industrial Chemistry,FNAS,100,1,GS
2.85,0.673,0.638,0.633,0.685,1,0.472,0.095,0.569,0.687,0.637,0.054,-0.064,-0.056,0.504,0.22,-0.0395,0.846,0.417,0.033,0.436,Doctor of Physiotherapy,FBMS,200,1,GS
3.88,0.612,0.415,0.757,0.621,1,0.943,0.127,0.199,0.595,1.0,0.001,0.16,-0.019,0.489,0.28,0.0622,0.517,0.177,0.0,0.923,Estate Management,FES,100,1,GS
2.23,0.479,0.571,0.417,0.158,1,0.618,0.001,0.58,0.482,0.891,0.003,0.029,-0.211,0.326,-0.1,-0.1416,0.773,0.272,0.018,0.56,History and International Relations,FAMSS,400,1,GS
3.44,1.0,0.991,1.0,0.898,0,0.57,0.178,0.483,0.205,0.149,0.067,-0.062,-0.055,0.938,0.07,-0.0568,0.505,0.964,0.0,0.421,Quantity Surveying,FES,200,1,GS
1.9,0.571,0.676,0.673,0.33,1,0.789,0.351,0.832,0.692,0.655,-0.007,0.234,0.158,0.447,0.5,0.0037,0.698,0.482,0.038,0.428,Information Technology,FNAS,100,2,GS
2.4,0.583,0.263,0.747,0.538,0,0.095,0.461,0.202,0.165,0.442,-0.178,-0.059,-0.028,0.375,0.07,-0.049,0.456,0.129,0.016,0.084,Physics and Electronics,FNAS,100,2,NGS
2.32,0.721,0.43,0.689,0.616,0,0.4,0.146,0.211,0.0,0.602,-0.037,0.092,0.096,0.764,0.08,-0.0442,0.556,0.301,0.0,0.47,History and International Relations,FAMSS,300,1,GS
1.49,0.285,0.525,0.381,0.306,3,0.33,0.519,0.729,0.151,0.514,-0.093,-0.134,0.01,0.448,-0.48,0.0216,0.001,0.117,0.277,0.195,Computer Engineering,FNAS,100,2,NGS
4.24,0.565,0.631,0.523,0.699,0,0.58,0.199,0.085,0.081,0.413,0.136,0.009,-0.068,0.426,0.44,-0.025,0.157,0.393,0.0,0.366,English and Communication,FAMSS,100,1,GS
2.08,0.278,0.268,0.507,0.285,0,0.774,0.363,0.497,0.183,0.471,0.0,0.129,0.185,0.295,0.39,-0.0643,0.172,0.0,0.0,0.437,Computer Engineering,FNAS,200,2,GS
3.42,0.251,0.313,0.469,0.525,2,0.603,0.035,0.185,0.458,0.633,0.162,0.075,-0.268,0.39,-0.72,-0.0368,0.378,0.073,0.04,0.571,Estate Management,FES,200,2,GS
3.16,0.672,0.729,0.658,0.463,1,0.583,0.083,0.767,0.583,0.779,-0.068,-0.043,0.093,0.523,-0.29,-0.1066,0.669,0.451,0.01,0.585,Software Engineering,FNAS,400,1,GS
2.0,0.394,0.075,0.286,0.284,3,0.347,0.315,0.189,0.155,0.318,-0.17,0.16,0.125,0.394,0.07,-0.0391,0.368,0.068,0.127,0.222,Computer Science,FNAS,200,1,GS
2.08,0.299,0.282,0.353,0.42,1,0.523,0.232,0.398,0.0,0.433,-0.023,0.088,-0.114,0.208,-0.07,-0.0283,0.133,0.013,0.127,0.501,Cybersecurity,FNAS,400,1,GS
3.42,0.812,0.54,0.772,0.477,0,0.305,0.182,0.424,0.836,0.471,-0.196,0.087,-0.264,0.961,0.43,-0.0137,0.578,0.27,0.0,0.309,English and Communication,FAMSS,100,1,GS
3.6,0.811,0.635,0.577,0.623,1,0.747,0.276,0.753,0.415,0.321,0.226,-0.082,-0.024,0.635,0.11,0.0099,0.0,0.61,0.031,0.448,Accounting,FAMSS,100,1,GS
3.93,0.781,0.631,0.763,0.65,0,0.61,0.348,0.244,0.317,0.672,0.129,0.184,0.159,0.489,0.15,-0.0206,0.444,0.473,0.027,0.318,Doctor of Physiotherapy,FBMS,100,2,GS
2.72,0.584,0.54,0.636,0.436,2,0.665,0.122,0.194,0.296,0.616,-0.036,0.014,0.355,0.409,0.39,-0.0713,0.457,0.307,0.011,0.405,English and Communication,FAMSS,400,1,GS
3.05,0.797,0.695,0.87,0.652,0,0.83,0.23,0.266,0.683,0.85,0.054,0.175,0.115,0.698,0.13,-0.0051,0.754,0.43,0.016,0.473,Business Administration,FAMSS,300,1,GS
2.88,0.874,1.0,0.862,0.973,0,0.847,0.046,0.0,0.628,0.607,0.208,0.082,0.145,0.818,0.26,-0.0092,0.307,0.872,0.033,0.564,Cybersecurity,FNAS,100,2,GS
1.99,0.67,0.476,0.792,0.866,1,0.439,0.16,0.175,0.429,0.395,0.24,-0.077,0.06,0.435,0.31,-0.0569,0.529,0.442,0.086,0.24,Nursing,FBMS,200,2,GS
3.28,0.618,0.636,0.556,0.632,0,0.251,0.234,0.147,0.554,0.482,-0.042,-0.039,-0.334,0.575,-0.03,0.0634,0.169,0.259,0.0,0.077,Biochemistry,FNAS,200,1,GS
2.34,0.505,0.597,0.811,0.307,2,0.469,0.675,0.332,0.377,0.382,0.169,-0.138,-0.029,0.318,0.02,0.0723,0.2,0.332,0.125,0.0,Criminology and Security Studies,FAMSS,100,1,GS
2.34,0.771,0.819,0.965,0.697,1,0.581,0.307,0.105,0.244,0.38,0.121,0.143,0.003,0.946,-0.24,0.0324,0.641,0.839,0.021,0.305,Industrial Chemistry,FNAS,400,1,GS
1.75,0.315,0.485,0.387,0.235,3,0.473,0.462,0.351,0.044,0.55,-0.149,-0.146,0.212,0.345,-0.11,-0.0657,0.139,0.0,0.265,0.301,Public Health,FBMS,300,2,NGS
2.95,0.898,0.905,0.677,0.657,0,0.33,0.286,0.0,0.492,0.531,0.046,-0.044,-0.018,0.868,0.29,-0.0834,0.23,0.823,0.0,0.213,Industrial Chemistry,FNAS,100,2,GS
3.4,0.815,0.811,1.0,0.959,0,0.663,0.304,0.39,0.637,0.466,-0.302,-0.066,0.121,1.0,0.78,-0.0394,0.593,0.487,0.0,0.348,Doctor of Physiotherapy,FBMS,300,2,GS
2.0,0.351,0.212,0.403,0.387,3,0.338,0.198,0.562,0.261,0.323,0.04,-0.114,-0.098,0.139,-0.08,0.1108,0.322,0.201,0.101,0.209,Mathematics,FNAS,200,2,GS
4.42,0.385,0.315,0.294,0.266,3,0.596,0.207,0.272,0.039,0.525,-0.061,0.171,-0.162,0.379,0.16,-0.029,0.392,0.186,0.01,0.425,Biochemistry,FNAS,200,2,GS
2.02,0.133,0.335,0.133,0.209,6,0.253,0.422,0.0,0.111,0.121,-0.367,0.094,-0.149,0.0,-0.48,-0.0073,0.109,0.133,0.37,0.237,Computer Science,FNAS,200,1,NGS
3.06,0.609,0.433,0.687,0.624,2,0.399,0.356,0.371,0.341,0.411,-0.089,0.043,-0.09,0.819,-0.08,-0.0003,0.242,0.241,0.0,0.291,Biochemistry,FNAS,400,2,GS
1.7,0.992,0.846,1.0,0.93,0,0.594,0.153,0.17,0.947,0.765,0.059,-0.089,0.275,0.913,0.22,0.038,0.173,0.854,0.0,0.133,Quantity Surveying,FES,200,2,GS
1.57,0.377,0.203,0.352,0.324,4,0.212,0.28,0.44,0.634,0.714,0.047,-0.349,-0.411,0.321,-0.84,0.0152,0.066,0.0,0.287,0.136,Industrial Chemistry,FNAS,100,2,NGS
2.45,0.693,0.442,0.623,0.454,1,0.656,0.157,0.308,0.0,1.0,0.0,-0.12,0.119,0.429,0.46,0.0378,0.543,0.272,0.0,0.544,Health Information Management,FBMS,100,1,GS
2.98,0.758,0.672,0.634,0.78,2,0.754,0.339,0.493,0.74,0.571,-0.204,0.03,0.081,0.696,0.31,-0.15,0.678,0.41,0.057,0.561,Public Health,FBMS,100,2,GS
2.24,0.286,0.299,0.53,0.371,1,0.396,0.214,0.503,0.285,0.49,0.02,-0.219,0.153,0.766,0.27,-0.1108,0.293,0.0,0.079,0.348,Nursing,FBMS,300,1,GS
2.52,0.157,0.319,0.463,0.139,1,0.503,0.379,0.225,0.372,0.404,-0.152,0.071,-0.035,0.235,0.09,-0.074,0.0,0.087,0.093,0.366,Doctor of Physiotherapy,FBMS,200,1,GS
3.04,0.903,1.0,0.969,0.734,0,0.29,0.315,0.292,0.154,0.314,0.098,0.123,-0.15,0.869,0.32,-0.116,0.716,0.96,0.0,0.383,English and Communication,FAMSS,400,2,GS
2.45,0.743,0.926,0.67,0.753,1,0.441,0.064,0.17,0.071,0.738,0.172,0.204,-0.003,0.583,0.57,-0.0293,0.328,0.49,0.034,0.174,Software Engineering,FNAS,100,1,GS
2.95,0.698,0.369,0.42,0.34,0,0.702,0.187,0.214,0.596,1.0,0.067,-0.236,-0.225,0.523,-0.04,0.013,0.907,0.27,0.0,0.646,Information Technology,FNAS,400,1,GS
2.36,0.824,0.468,0.407,0.66,0,0.797,0.047,0.578,0.257,0.161,-0.074,0.016,-0.1,0.629,-0.38,-0.0147,0.012,0.254,0.0,0.716,Cybersecurity,FNAS,100,1,GS
2.89,0.932,0.62,0.838,0.496,0,0.884,0.158,0.416,0.538,0.817,0.138,0.02,0.047,0.874,0.11,0.0081,0.589,0.585,0.0,0.606,Criminology and Security Studies,FAMSS,300,2,GS
2.03,0.083,0.109,0.526,0.399,4,0.293,0.371,0.242,0.23,0.114,-0.301,-0.254,-0.102,0.625,-0.75,0.0087,0.029,0.042,0.215,0.351,Physics and Electronics,FNAS,300,1,NGS
2.12,0.472,0.268,0.444,0.388,1,0.146,0.589,0.086,0.046,0.419,0.002,-0.139,-0.204,0.231,0.08,-0.0585,0.088,0.074,0.0,0.0,Business Administration,FAMSS,300,2,NGS
4.0,0.992,0.95,1.0,0.707,0,0.857,0.131,0.424,0.58,0.8,0.051,0.158,0.047,1.0,0.31,0.0272,0.636,0.951,0.0,0.807,Cybersecurity,FNAS,100,2,GS
3.08,0.638,0.532,0.522,0.375,0,0.629,0.414,0.417,0.505,0.289,-0.147,-0.093,-0.12,0.253,0.22,-0.0395,0.461,0.203,0.07,0.454,Estate Management,FES,100,2,GS
2.43,0.698,0.639,0.578,0.684,2,0.604,0.03,0.215,0.34,0.272,0.201,-0.221,0.228,0.609,-0.4,-0.0853,0.0,0.325,0.068,0.768,Software Engineering,FNAS,100,2,GS
2.26,0.854,0.983,0.837,0.825,0,0.562,0.285,0.418,0.458,0.101,0.068,0.123,-0.094,0.806,0.37,0.0226,0.381,0.913,0.01,0.361,Criminology and Security Studies,FAMSS,100,1,GS
1.93,0.497,0.385,0.656,0.483,3,0.545,0.317,0.341,0.162,0.494,-0.115,0.388,-0.232,0.503,-0.25,-0.0075,0.504,0.029,0.149,0.516,Information Technology,FNAS,100,2,NGS
3.16,0.893,0.697,0.615,0.639,0,0.728,0.292,0.082,0.608,0.306,-0.094,0.2,0.306,0.612,-0.09,0.0759,0.53,0.725,0.026,0.479,Computer Engineering,FNAS,200,1,GS
1.61,0.556,0.365,0.631,0.502,0,0.598,0.397,0.0,0.566,0.553,0.136,0.214,-0.083,0.321,0.12,-0.0056,0.782,0.185,0.0,0.404,Computer Science,FNAS,100,2,GS
2.34,0.45,0.231,0.593,0.495,0,0.558,0.03,0.702,0.34,0.747,0.086,0.273,-0.155,0.27,-0.36,-0.0402,0.01,0.0,0.068,0.4,Cybersecurity,FNAS,400,2,GS
3.34,0.962,0.664,0.774,0.701,1,0.69,0.138,0.602,0.434,0.543,-0.008,0.144,0.222,0.639,-0.24,-0.0291,0.584,0.604,0.0,0.491,Mathematics,FNAS,100,1,GS
2.58,0.883,0.842,1.0,0.732,0,0.694,0.239,0.639,0.104,0.602,0.012,-0.017,0.32,0.798,0.85,-0.0539,0.478,0.445,0.08,0.198,Health Information Management,FBMS,300,2,GS
2.68,0.452,0.612,0.177,0.205,1,0.53,0.233,0.322,0.055,0.329,0.144,0.04,-0.128,0.31,0.07,-0.0472,0.04,0.428,0.024,0.391,Mathematics,FNAS,300,2,GS
2.62,0.376,0.554,0.427,0.568,3,0.781,0.061,0.579,0.677,0.042,0.284,0.267,0.215,0.29,0.05,-0.034,0.211,0.0,0.097,0.898,Estate Management,FES,100,2,GS
2.12,0.613,0.701,0.797,0.584,0,0.153,0.317,0.048,0.492,0.438,0.164,-0.085,0.073,0.298,0.08,0.0266,0.479,0.449,0.007,0.032,Nursing,FBMS,300,2,GS
2.77,0.562,0.817,0.665,0.542,1,0.726,0.215,0.626,0.364,0.71,0.023,-0.16,0.213,0.413,0.09,0.0283,0.548,0.665,0.067,0.422,Industrial Chemistry,FNAS,300,2,GS
3.16,0.567,0.92,0.56,0.622,1,0.524,0.333,0.501,0.774,0.657,-0.02,0.016,-0.014,0.478,0.2,-0.0465,0.212,0.446,0.0,0.316,Criminology and Security Studies,FAMSS,200,1,GS
2.28,0.806,0.752,0.792,0.778,0,0.589,0.223,0.464,0.383,0.718,0.063,0.12,0.277,0.369,0.01,-0.0202,0.33,0.506,0.073,0.423,Biochemistry,FNAS,200,2,GS
2.93,0.282,0.366,0.595,0.348,1,0.653,0.352,0.556,0.272,0.652,0.199,0.091,0.082,0.481,0.03,0.0583,0.573,0.106,0.034,0.644,Industrial Chemistry,FNAS,200,1,GS
2.35,0.475,0.706,0.571,0.615,1,0.418,0.052,0.334,0.058,0.443,-0.015,0.207,0.168,0.747,0.07,0.0453,0.886,0.417,0.148,0.47,Quantity Surveying,FES,300,2,GS
3.54,0.605,0.75,0.584,0.479,1,0.995,0.247,0.281,0.015,0.206,0.02,0.146,-0.04,0.49,-0.33,-0.0594,0.363,0.47,0.0,0.789,Mathematics,FNAS,100,1,GS
3.18,0.791,0.702,0.476,0.527,2,0.813,0.227,0.409,0.395,0.513,-0.201,0.219,-0.122,0.437,0.58,-0.0293,0.593,0.605,0.182,0.782,Information Technology,FNAS,100,2,GS
1.78,0.522,0.599,0.577,0.52,1,0.434,0.0,0.519,0.714,0.625,-0.026,0.063,0.139,0.323,0.01,-0.0423,0.337,0.33,0.032,0.458,Software Engineering,FNAS,200,1,GS
2.67,0.671,0.671,0.747,0.555,0,0.54,0.21,0.09,0.466,0.549,-0.087,0.06,0.235,0.518,0.58,-0.0055,0.688,0.308,0.09,0.387,Computer Science,FNAS,200,2,GS
3.15,0.656,0.925,0.793,0.779,1,0.638,0.03,1.0,0.398,0.788,-0.072,0.05,0.003,0.651,0.45,0.0054,0.791,0.67,0.014,0.55,Industrial Chemistry,FNAS,200,2,GS
1.7,0.719,0.633,0.655,0.325,1,0.406,0.431,0.117,0.795,0.712,0.327,0.329,0.104,0.338,-0.34,-0.003,0.058,0.492,0.049,0.276,Software Engineering,FNAS,200,2,GS
1.52,0.587,0.661,0.691,0.294,1,0.437,0.277,0.391,0.606,0.669,-0.143,-0.101,0.186,0.545,-0.31,0.0055,0.494,0.535,0.096,0.386,Estate Management,FES,200,2,NGS
3.52,0.959,0.711,0.785,0.632,0,0.418,0.048,0.577,0.631,0.44,-0.12,0.101,0.003,0.557,0.02,-0.0224,0.452,0.859,0.042,0.299,Public Health,FBMS,200,1,GS
2.65,0.626,0.95,0.488,0.269,0,0.384,0.03,0.874,0.549,0.516,0.01,0.204,0.112,0.618,0.26,0.0321,0.188,0.778,0.0,0.398,Software Engineering,FNAS,200,2,GS
3.03,0.601,0.686,0.671,0.525,2,0.737,0.223,0.54,0.297,0.71,0.226,-0.125,0.439,0.412,0.39,0.0158,0.0,0.444,0.0,0.575,English and Communication,FAMSS,200,1,GS
1.7,0.246,0.003,0.273,0.005,6,0.08,0.284,0.0,0.367,0.557,-0.192,0.111,0.28,0.0,0.2,-0.0725,0.276,0.017,0.336,0.031,Accounting,FAMSS,400,2,NGS
2.98,0.673,0.684,0.734,0.471,0,0.654,0.195,0.606,0.324,0.345,0.336,-0.37,0.109,0.734,0.27,-0.0321,0.388,0.404,0.0,0.784,Software Engineering,FNAS,100,2,GS
3.03,0.53,0.626,0.519,0.618,1,0.428,0.523,0.44,0.567,0.776,0.252,0.051,-0.358,0.309,-0.17,-0.0191,0.222,0.246,0.096,0.092,Industrial Chemistry,FNAS,100,2,GS
2.89,0.846,0.826,0.987,0.929,0,0.659,0.0,0.42,0.358,0.355,0.177,0.246,-0.128,0.565,0.19,-0.101,0.74,0.667,0.0,0.705,Estate Management,FES,300,1,GS
3.83,0.435,0.305,0.342,0.616,0,0.403,0.202,0.76,0.091,0.833,0.04,0.151,-0.065,0.097,-0.49,-0.0711,0.162,0.222,0.038,0.405,Health Information Management,FBMS,100,2,GS
3.02,0.749,0.775,0.705,0.979,1,0.385,0.108,0.765,0.43,0.465,-0.109,-0.043,0.086,0.909,0.48,0.0197,0.532,0.569,0.026,0.392,Industrial Chemistry,FNAS,300,2,GS
1.46,0.663,0.62,0.886,0.437,3,0.689,0.405,0.117,0.406,0.919,0.288,-0.123,0.086,0.875,0.35,-0.0329,0.935,0.387,0.172,0.54,Computer Science,FNAS,100,1,GS
1.82,0.238,0.217,0.274,0.12,4,0.071,0.508,0.0,0.021,0.484,-0.287,0.068,-0.176,0.388,0.18,0.0445,0.517,0.0,0.342,0.0,Health Information Management,FBMS,100,1,NGS
3.1,0.579,0.593,0.332,0.327,1,0.45,0.817,0.419,0.559,0.401,-0.089,0.015,-0.017,0.636,0.05,0.019,0.268,0.286,0.076,0.02,Physics and Electronics,FNAS,200,2,GS
2.04,0.575,0.472,0.437,0.61,2,0.116,0.183,0.477,0.408,0.264,-0.041,0.29,0.029,0.323,0.44,-0.1211,0.105,0.26,0.05,0.0,Nursing,FBMS,100,1,GS
3.37,0.675,0.774,0.752,0.628,1,0.484,0.123,0.379,0.697,0.778,0.003,0.471,0.046,0.621,-0.15,0.07,0.379,0.523,0.0,0.383,Accounting,FAMSS,200,2,GS
3.58,0.863,0.642,0.72,0.987,1,0.564,0.407,0.503,0.594,0.023,0.294,-0.15,-0.031,0.943,0.1,0.032,0.354,0.453,0.0,0.203,Computer Engineering,FNAS,100,1,GS
2.67,0.242,0.422,0.607,0.509,1,0.668,0.428,0.111,0.37,0.429,0.368,0.244,-0.054,0.573,-0.02,0.023,0.587,0.185,0.028,0.32,Business Administration,FAMSS,200,1,GS
2.8,0.123,0.226,0.194,0.141,1,0.597,0.286,0.594,0.834,0.134,-0.185,-0.006,0.0,0.199,-0.27,-0.0073,0.606,0.177,0.096,0.346,Software Engineering,FNAS,100,1,GS
1.64,0.633,0.419,0.253,0.307,0,0.553,0.087,0.239,0.705,0.772,-0.03,0.036,0.058,0.334,0.22,-0.0243,0.416,0.173,0.101,0.631,Software Engineering,FNAS,200,2,GS
2.42,0.343,0.528,0.69,0.447,3,0.26,0.178,0.552,0.352,0.603,0.108,-0.344,0.187,0.316,-0.13,0.053,0.062,0.186,0.128,0.282,Cybersecurity,FNAS,100,2,GS
1.96,0.819,0.815,0.711,0.736,1,0.54,0.407,0.0,0.262,0.163,-0.246,0.241,-0.276,0.739,-0.62,0.0571,0.403,0.586,0.046,0.333,Estate Management,FES,400,1,NGS
3.39,0.819,0.315,0.433,0.365,1,0.507,0.16,0.764,0.28,0.542,0.037,-0.139,0.013,0.407,-0.15,-0.0265,0.326,0.242,0.0,0.333,History and International Relations,FAMSS,100,1,GS
2.8,0.862,0.463,0.608,0.776,0,0.323,0.422,0.176,0.719,0.797,0.113,0.25,0.124,0.949,0.64,0.008,0.923,0.355,0.034,0.333,Public Health,FBMS,300,2,GS
2.11,0.617,0.763,0.67,0.776,1,0.59,0.192,0.252,0.357,0.648,0.0,0.066,-0.058,0.472,0.14,-0.1141,0.4,0.485,0.0,0.463,Software Engineering,FNAS,100,1,GS
2.74,0.267,0.359,0.161,0.065,1,0.373,0.284,0.702,0.335,0.466,-0.139,0.201,0.042,0.374,-0.19,-0.0433,0.079,0.012,0.052,0.333,Computer Science,FNAS,100,1,GS
3.63,0.613,0.76,0.884,0.582,2,0.641,0.277,0.328,0.51,0.333,0.105,-0.065,0.157,0.553,0.48,0.0944,0.573,0.321,0.0,0.565,Accounting,FAMSS,100,1,GS
1.93,0.53,0.59,0.633,0.592,1,0.367,0.488,0.723,0.123,0.864,0.35,0.268,0.136,0.686,0.35,-0.0355,0.318,0.529,0.125,0.106,Cybersecurity,FNAS,300,1,GS
2.02,0.493,0.519,0.701,0.44,0,0.28,0.142,0.427,0.0,0.586,-0.024,0.03,0.231,0.632,0.38,-0.0048,0.597,0.519,0.0,0.178,Computer Science,FNAS,200,1,GS
2.36,0.139,0.362,0.562,0.118,4,0.61,0.251,0.435,0.127,0.176,-0.088,0.387,0.169,0.358,0.67,-0.0904,0.798,0.143,0.137,0.481,Physics and Electronics,FNAS,200,2,GS
2.36,0.581,0.862,0.613,0.664,0,0.425,0.173,0.246,0.427,0.436,-0.114,0.029,-0.08,0.948,0.56,-0.0427,0.163,0.672,0.0,0.412,Architecture,FES,100,1,GS
3.33,0.645,0.59,0.593,0.633,0,0.483,0.328,0.526,0.03,0.641,0.078,0.007,-0.143,0.56,0.08,-0.0682,0.805,0.378,0.0,0.234,Health Information Management,FBMS,300,1,GS
1.81,0.266,0.152,0.345,0.211,3,0.418,0.619,0.286,0.089,0.254,-0.155,-0.29,-0.285,0.239,0.27,0.0257,0.318,0.0,0.305,0.313,Estate Management,FES,100,2,NGS
2.39,0.923,0.823,0.948,0.917,0,0.393,0.03,0.29,0.718,0.634,0.103,0.293,0.258,0.823,0.24,-0.1092,0.042,0.744,0.0,0.294,Industrial Chemistry,FNAS,400,2,GS
2.9,0.142,0.316,0.08,0.348,2,0.325,0.398,0.0,0.044,0.343,-0.082,0.114,-0.161,0.192,-0.14,-0.0105,0.479,0.0,0.067,0.16,Information Technology,FNAS,100,1,GS
2.63,0.745,0.68,0.74,0.524,0,0.472,0.381,0.18,0.613,0.463,-0.1,0.303,0.094,0.409,-0.15,-0.0449,0.134,0.582,0.0,0.312,Computer Science,FNAS,200,2,GS
3.21,0.277,0.69,0.583,0.418,1,0.696,0.318,0.292,0.393,0.701,0.292,-0.088,-0.265,0.719,-0.27,-0.1139,0.38,0.307,0.0,0.666,Criminology and Security Studies,FAMSS,200,1,GS
3.02,0.435,0.728,0.393,0.54,0,0.665,0.289,0.102,0.505,0.956,0.144,0.255,0.038,0.423,0.07,0.0374,0.217,0.229,0.0,0.151,English and Communication,FAMSS,100,1,GS
3.32,0.475,0.342,0.407,0.177,1,0.663,0.074,0.371,0.414,1.0,0.065,-0.125,-0.131,0.559,0.34,-0.0051,0.424,0.284,0.0,0.655,History and International Relations,FAMSS,300,1,GS
3.11,0.536,0.202,0.629,0.514,1,0.577,0.184,0.368,0.414,0.736,-0.026,0.152,-0.127,0.272,0.07,-0.0119,0.494,0.191,0.094,0.505,Health Information Management,FBMS,100,1,GS
1.44,0.328,0.755,0.422,0.362,0,0.374,0.0,0.71,1.0,0.348,0.117,-0.026,0.087,0.49,-0.17,0.0177,0.346,0.28,0.0,0.457,Biochemistry,FNAS,100,1,GS
2.91,0.808,0.929,0.627,0.43,0,0.554,0.167,0.636,0.428,0.518,0.081,0.09,0.033,0.905,0.17,-0.0803,0.589,0.79,0.062,0.52,Industrial Chemistry,FNAS,200,2,GS
1.42,0.468,0.205,0.475,0.631,1,0.397,0.405,0.435,0.318,0.408,0.115,-0.012,0.195,0.232,-0.14,0.0439,0.464,0.113,0.02,0.329,Architecture,FES,100,2,NGS
4.44,0.66,0.577,0.498,0.621,0,0.836,0.252,0.393,0.814,0.56,-0.179,0.153,0.278,0.685,-0.09,-0.0637,0.225,0.254,0.0,0.494,Biochemistry,FNAS,200,1,GS
3.69,0.34,0.566,0.594,0.783,0,0.627,0.325,0.415,0.586,0.358,0.117,-0.147,0.121,0.616,0.71,-0.0973,0.582,0.091,0.0,0.458,Business Administration,FAMSS,200,2,GS
2.93,0.71,0.649,0.703,0.441,1,0.549,0.03,0.823,0.003,0.123,0.165,-0.195,-0.026,0.764,0.13,0.0299,0.263,0.328,0.0,0.611,Business Administration,FAMSS,100,2,GS
3.83,0.711,0.707,0.605,0.526,1,0.631,0.471,0.401,0.508,0.663,-0.18,0.192,0.063,0.422,-0.19,-0.0653,0.384,0.403,0.026,0.347,Architecture,FES,100,2,GS
1.81,0.525,0.275,0.222,0.433,5,0.678,0.467,0.418,0.36,0.406,0.12,0.221,0.243,0.467,0.62,-0.01,0.667,0.0,0.388,0.192,Information Technology,FNAS,200,1,GS
3.36,0.774,0.948,0.953,0.941,2,0.529,0.179,0.195,0.535,0.786,0.267,-0.033,-0.039,0.597,0.38,0.008,0.705,0.616,0.0,0.68,Computer Engineering,FNAS,100,1,GS
2.32,0.504,0.224,0.279,0.545,2,0.45,0.222,0.482,0.232,0.589,-0.276,0.085,-0.195,0.451,0.15,0.0915,0.256,0.077,0.111,0.002,History and International Relations,FAMSS,200,2,GS
2.1,0.39,0.146,0.264,0.293,1,0.329,0.459,0.518,0.366,1.0,0.044,-0.063,0.112,0.296,0.42,-0.093,0.175,0.041,0.022,0.349,Computer Engineering,FNAS,200,1,GS
2.43,0.599,0.42,0.52,0.588,2,0.783,0.081,0.196,0.311,0.322,0.13,0.076,0.083,0.369,0.19,-0.1253,0.218,0.24,0.014,0.842,Information Technology,FNAS,200,2,GS
2.81,0.987,0.556,0.724,0.756,0,0.764,0.209,0.802,0.511,0.414,0.177,-0.174,0.068,0.68,0.05,0.0221,0.528,0.414,0.0,0.673,Biochemistry,FNAS,100,1,GS
3.34,0.598,0.434,0.454,0.554,1,0.607,0.334,0.212,0.075,0.602,0.008,0.0,0.095,0.583,-0.07,0.0035,0.321,0.177,0.0,0.316,History and International Relations,FAMSS,100,2,GS
2.43,0.728,0.791,0.734,0.739,1,0.263,0.32,0.655,0.76,0.689,-0.052,0.229,-0.087,0.413,-0.08,-0.048,0.239,0.597,0.179,0.011,Software Engineering,FNAS,100,2,GS
3.28,0.713,0.245,0.243,0.469,1,0.796,0.128,0.484,0.336,1.0,0.198,-0.01,0.293,0.352,0.06,-0.0207,0.351,0.105,0.005,0.723,Computer Science,FNAS,200,1,GS
1.66,0.359,0.511,0.528,0.637,1,0.202,0.387,0.211,0.089,0.0,-0.122,-0.069,-0.24,0.51,0.32,0.0283,0.25,0.394,0.096,0.139,Architecture,FES,100,1,NGS
2.01,0.244,0.362,0.33,0.561,5,0.268,0.074,0.47,0.5,0.169,-0.079,0.13,0.157,0.262,-0.13,-0.0352,0.635,0.114,0.197,0.366,English and Communication,FAMSS,100,2,GS
3.07,0.761,0.444,0.257,0.822,1,0.717,0.385,0.52,0.499,0.446,-0.122,-0.054,0.21,0.499,-0.02,-0.0256,0.467,0.251,0.0,0.417,Doctor of Physiotherapy,FBMS,100,1,GS
2.78,0.484,0.578,0.398,0.433,1,0.482,0.363,0.557,0.432,0.54,-0.248,0.056,0.044,0.307,-0.07,0.0074,0.179,0.275,0.095,0.124,Estate Management,FES,100,1,GS
1.58,0.583,0.601,0.408,0.125,1,0.332,0.115,0.289,0.429,0.306,0.225,-0.028,0.268,0.621,-0.34,0.0536,0.138,0.53,0.1,0.34,Economics,FAMSS,400,1,NGS
2.79,0.575,0.575,0.511,0.477,0,0.851,0.035,0.343,0.396,0.764,0.178,-0.12,0.037,0.119,-0.46,-0.0119,0.359,0.349,0.029,0.795,Computer Science,FNAS,400,2,GS
3.47,0.645,0.649,0.658,0.607,2,0.628,0.186,0.665,0.11,0.562,-0.151,0.178,0.276,0.715,-0.01,-0.0522,0.418,0.436,0.029,0.389,Computer Engineering,FNAS,200,1,GS
2.88,0.761,0.654,0.683,0.667,0,0.649,0.313,0.255,0.45,0.728,0.145,-0.084,0.012,0.713,-0.21,0.0166,0.541,0.494,0.019,0.498,Public Health,FBMS,200,2,GS
3.01,0.834,0.958,0.858,0.857,2,0.355,0.127,0.349,0.765,0.782,-0.116,0.347,0.18,0.83,0.06,0.0646,0.548,0.867,0.0,0.218,Quantity Surveying,FES,100,1,GS
2.69,0.539,0.472,0.666,0.413,1,0.858,0.171,0.549,0.802,0.987,0.153,0.35,0.188,0.495,0.3,0.0421,0.832,0.181,0.145,0.827,Computer Engineering,FNAS,100,2,GS
3.48,0.96,1.0,1.0,0.937,0,0.785,0.0,0.084,0.374,0.414,0.003,0.361,0.198,0.929,-0.03,-0.0082,1.0,0.94,0.096,0.747,Doctor of Physiotherapy,FBMS,600,1,GS
3.4,0.576,0.469,0.537,0.505,0,0.712,0.255,0.961,0.453,0.612,0.087,-0.028,0.076,0.954,0.46,0.1064,0.976,0.124,0.104,0.5,Accounting,FAMSS,200,2,GS
2.82,0.655,0.655,0.489,0.56,2,0.42,0.205,0.696,0.234,0.523,0.138,-0.057,0.131,0.156,-0.09,-0.0307,0.522,0.396,0.134,0.403,Biochemistry,FNAS,100,2,GS
1.16,0.605,0.706,0.61,0.492,2,0.441,0.181,0.01,0.405,0.703,-0.034,0.18,0.249,0.929,-0.43,0.0429,0.46,0.451,0.11,0.4,Quantity Surveying,FES,200,1,NGS
3.2,0.768,0.514,0.651,0.68,0,0.837,0.225,0.242,0.208,1.0,0.113,0.089,-0.156,0.669,-0.68,0.0662,0.049,0.323,0.046,0.832,Computer Science,FNAS,100,2,GS
2.12,0.722,0.624,0.936,0.619,2,0.401,0.439,0.267,0.742,0.515,-0.109,0.152,-0.081,0.629,-0.03,0.0052,0.65,0.439,0.024,0.227,Business Administration,FAMSS,100,2,GS
2.97,0.718,0.715,0.992,0.495,1,0.351,0.0,0.335,0.354,0.908,0.139,0.067,0.029,0.795,0.3,0.0202,0.112,0.36,0.0,0.181,Doctor of Physiotherapy,FBMS,100,1,GS
2.37,0.997,0.778,0.766,0.678,0,0.392,0.207,0.555,0.325,0.525,-0.129,0.043,0.272,0.778,-0.13,0.0042,0.105,0.857,0.0,0.122,Accounting,FAMSS,400,1,GS
3.59,0.879,0.676,0.791,0.585,1,0.84,0.03,0.495,0.687,0.858,0.097,-0.392,0.137,0.912,0.63,-0.0667,0.454,0.501,0.08,0.765,Nursing,FBMS,100,2,GS
1.55,0.223,0.0,0.31,0.039,2,0.112,0.073,0.081,0.306,0.169,0.033,-0.46,-0.212,0.351,-0.48,0.0624,0.053,0.017,0.07,0.137,Architecture,FES,200,2,NGS
2.83,0.395,0.215,0.352,0.356,2,0.642,0.243,0.282,0.533,0.426,0.026,0.039,-0.024,0.44,0.18,0.0285,0.27,0.28,0.032,0.428,Physics and Electronics,FNAS,100,2,GS
2.27,0.869,0.737,0.733,0.603,0,0.304,0.047,0.121,0.257,0.634,0.185,-0.119,0.02,0.31,0.22,-0.102,0.282,0.702,0.0,0.198,Quantity Surveying,FES,300,2,GS
3.8,0.322,0.33,0.632,0.305,0,0.39,0.285,0.476,0.179,0.773,0.211,0.106,0.233,0.457,0.42,-0.0984,0.314,0.126,0.0,0.318,Accounting,FAMSS,400,2,GS
1.66,0.46,0.35,0.408,0.161,0,0.719,0.404,0.17,0.41,0.554,0.356,0.202,0.012,0.621,0.15,-0.15,0.751,0.281,0.0,0.445,Business Administration,FAMSS,300,2,GS
3.02,0.559,0.7,0.687,0.762,0,0.48,0.377,0.0,0.597,0.775,0.085,0.088,0.138,0.617,-0.33,-0.0041,0.275,0.374,0.025,0.224,Software Engineering,FNAS,300,2,GS
3.54,0.689,0.575,0.64,0.774,0,0.699,0.309,0.667,0.137,0.911,0.109,0.204,-0.18,0.659,0.25,0.0602,0.518,0.481,0.0,0.494,Information Technology,FNAS,300,2,GS
2.32,0.702,0.771,0.822,0.675,0,0.731,0.376,0.702,0.351,0.452,0.057,0.263,0.438,0.698,-0.29,0.0082,0.037,0.602,0.036,0.566,Biochemistry,FNAS,100,2,GS
3.0,0.552,0.83,0.716,0.734,0,0.697,0.248,0.273,0.656,0.505,0.139,-0.148,0.051,0.939,-0.33,-0.0067,0.857,0.533,0.002,0.552,Accounting,FAMSS,300,1,GS
1.67,0.765,0.531,0.674,0.536,0,0.567,0.353,0.457,0.462,0.643,0.243,-0.183,0.195,0.886,-0.02,-0.0594,0.362,0.574,0.031,0.479,Business Administration,FAMSS,200,1,GS
2.69,0.679,0.889,0.964,0.53,1,1.0,0.0,0.551,0.619,0.548,0.086,0.089,0.156,0.666,0.01,0.0358,0.858,0.686,0.084,1.0,Estate Management,FES,100,1,GS
2.22,0.346,0.395,0.434,0.423,2,0.649,0.461,0.652,0.531,0.62,0.247,0.124,0.194,0.433,0.08,0.012,0.764,0.073,0.107,0.112,Business Administration,FAMSS,100,2,GS
3.5,0.733,0.607,0.775,0.551,1,0.742,0.237,0.196,0.501,0.478,-0.002,0.241,-0.081,0.63,-0.06,0.0408,0.445,0.429,0.0,0.617,Information Technology,FNAS,100,1,GS
1.5,0.541,0.506,0.618,0.401,3,0.699,0.0,0.233,0.224,0.454,-0.124,0.048,0.025,0.203,0.04,-0.0379,0.131,0.222,0.275,0.824,Biochemistry,FNAS,100,1,GS
1.61,0.274,0.444,0.529,0.428,2,0.304,0.563,0.0,0.405,0.4,-0.115,0.009,-0.076,0.469,-0.56,0.0958,0.072,0.144,0.122,0.0,Information Technology,FNAS,300,1,NGS
3.22,0.39,0.244,0.655,0.364,4,0.495,0.294,0.287,0.338,0.291,-0.083,-0.167,-0.067,0.287,0.31,0.0179,0.32,0.084,0.0,0.44,Computer Science,FNAS,200,1,GS
1.68,0.688,0.634,0.53,0.321,0,0.373,0.185,0.362,0.15,0.848,0.02,0.227,0.042,0.729,-0.04,-0.0054,0.112,0.533,0.0,0.285,Quantity Surveying,FES,400,2,GS
1.85,0.774,0.504,0.689,0.778,0,0.449,0.064,0.695,0.321,0.559,0.32,0.046,0.05,0.659,0.53,-0.0017,0.3,0.314,0.025,0.469,Doctor of Physiotherapy,FBMS,100,1,GS
2.39,0.625,0.449,0.656,0.523,0,0.516,0.193,0.402,0.664,0.608,0.05,-0.017,0.114,0.622,0.46,-0.0432,0.401,0.315,0.0,0.344,Industrial Chemistry,FNAS,300,2,GS
0.96,0.241,0.158,0.432,0.355,3,0.311,0.662,0.26,0.0,0.391,0.133,-0.221,0.011,0.469,0.18,0.0132,0.406,0.02,0.343,0.191,English and Communication,FAMSS,200,1,NGS
2.82,1.0,1.0,1.0,1.0,0,0.485,0.416,0.263,0.725,0.803,-0.042,0.254,0.177,1.0,-0.44,-0.0206,0.428,0.954,0.074,0.331,Nursing,FBMS,300,1,GS
3.05,0.907,0.846,0.778,0.661,0,0.512,0.214,0.352,1.0,0.898,0.173,0.303,-0.05,0.872,-0.04,-0.0076,0.349,0.824,0.0,0.589,Economics,FAMSS,200,2,GS
3.53,0.776,0.919,0.727,0.685,1,0.567,0.085,0.626,0.217,0.559,0.154,0.2,0.328,0.802,-0.13,-0.0386,0.542,0.737,0.047,0.451,Cybersecurity,FNAS,200,2,GS
3.38,0.744,0.771,0.857,0.863,0,0.742,0.0,0.837,0.171,0.892,0.179,0.323,-0.145,1.0,0.36,-0.0586,0.464,0.571,0.04,0.753,Information Technology,FNAS,400,1,GS
3.27,0.787,0.75,0.978,1.0,0,0.484,0.283,0.366,0.156,0.418,-0.018,0.142,0.094,0.754,0.43,-0.08,0.462,0.556,0.0,0.352,Economics,FAMSS,200,1,GS
3.99,0.885,0.592,0.907,0.673,0,0.77,0.193,0.249,0.0,0.603,-0.022,-0.006,-0.036,0.836,-0.0,-0.0347,0.204,0.477,0.0,0.342,Economics,FAMSS,300,2,GS
3.5,0.16,0.21,0.269,0.214,6,0.611,0.296,0.237,0.041,0.312,0.065,-0.105,-0.147,0.109,0.07,0.0135,0.367,0.0,0.025,0.368,Quantity Surveying,FES,400,1,GS
1.89,0.739,0.462,0.804,0.549,1,0.193,0.375,0.992,0.56,0.65,0.275,-0.018,-0.027,0.521,-0.04,0.0226,0.578,0.465,0.101,0.0,Cybersecurity,FNAS,400,2,GS
2.04,0.626,0.519,0.432,0.619,1,0.301,0.002,0.44,0.359,0.5,0.08,-0.391,0.024,0.47,0.14,-0.0124,0.86,0.213,0.085,0.289,English and Communication,FAMSS,300,1,GS
3.59,0.817,0.739,0.619,0.695,0,0.735,0.109,0.559,0.434,0.651,0.066,-0.036,0.001,0.756,0.62,-0.0204,0.239,0.5,0.037,0.669,Doctor of Physiotherapy,FBMS,300,2,GS
2.0,0.193,0.422,0.322,0.445,2,0.38,0.113,0.152,0.048,0.336,0.127,-0.315,-0.312,0.314,-0.19,0.0885,0.156,0.134,0.103,0.24,Quantity Surveying,FES,300,2,GS
2.84,0.857,0.619,0.704,0.718,0,0.486,0.185,0.651,0.462,0.603,0.293,-0.176,0.325,0.534,0.32,0.0197,0.492,0.544,0.028,0.192,Business Administration,FAMSS,400,2,GS
2.18,0.728,0.66,0.963,0.664,0,1.0,0.0,0.47,0.555,0.1,0.053,0.137,0.368,0.784,0.74,-0.0533,0.542,0.33,0.0,0.927,Industrial Chemistry,FNAS,200,1,GS
3.41,0.223,0.236,0.161,0.403,4,0.245,0.637,0.226,0.456,0.405,-0.181,0.051,0.062,0.258,-0.44,-0.0401,0.231,0.0,0.0,0.025,Doctor of Physiotherapy,FBMS,300,2,GS
1.97,0.476,0.247,0.428,0.195,4,0.59,0.258,0.0,0.745,0.626,0.175,0.084,0.251,0.352,-0.01,0.0178,0.226,0.0,0.216,0.549,Public Health,FBMS,200,2,GS
1.83,0.182,0.437,0.164,0.167,2,0.428,0.259,0.227,0.108,0.255,0.333,-0.132,-0.057,0.328,-0.31,-0.0028,0.378,0.0,0.134,0.285,Public Health,FBMS,100,1,NGS
1.92,0.624,0.383,0.497,0.707,1,0.569,0.138,0.44,0.072,0.628,0.088,0.191,-0.005,0.576,0.22,-0.0995,0.512,0.121,0.016,0.289,Computer Science,FNAS,100,1,GS
2.5,0.747,0.731,0.562,0.673,2,0.765,0.138,0.362,0.403,0.818,-0.013,0.398,0.271,0.512,-0.28,-0.0111,0.177,0.496,0.046,0.61,Biochemistry,FNAS,300,1,GS
2.6,0.522,0.7,0.467,0.689,0,0.421,0.03,0.451,0.364,0.74,-0.195,-0.117,-0.142,0.876,0.12,-0.0166,0.282,0.273,0.0,0.37,Health Information Management,FBMS,300,2,GS
2.01,0.989,0.877,0.907,0.866,0,0.334,0.0,0.193,0.44,0.85,0.17,0.102,-0.109,0.88,0.14,0.0563,0.374,0.806,0.0,0.45,Physics and Electronics,FNAS,400,1,GS
2.45,0.869,0.394,0.713,0.566,1,0.156,0.207,0.143,0.434,0.371,0.128,-0.136,-0.101,0.548,0.05,0.0245,0.569,0.288,0.081,0.21,Computer Science,FNAS,100,2,GS
2.64,0.533,0.797,0.671,0.712,3,0.757,0.103,0.601,0.19,0.24,0.072,0.016,0.107,0.568,-0.08,-0.0114,0.833,0.432,0.044,0.507,English and Communication,FAMSS,200,1,GS
4.1,0.813,0.514,0.511,0.576,0,0.347,0.284,0.647,0.292,0.517,0.091,0.005,-0.123,0.533,0.53,0.0329,0.906,0.458,0.024,0.165,Software Engineering,FNAS,300,2,GS
3.05,0.498,0.544,0.483,0.513,0,0.514,0.112,0.369,0.704,0.253,-0.054,0.031,-0.132,0.605,0.31,0.0363,0.482,0.358,0.0,0.562,Information Technology,FNAS,300,1,GS
2.95,0.705,0.704,0.542,0.448,1,0.792,0.162,0.052,0.563,0.362,-0.085,0.088,-0.238,0.442,0.13,-0.1104,0.443,0.558,0.061,0.7,Physics and Electronics,FNAS,300,1,GS
3.85,0.51,0.839,0.807,0.764,1,0.687,0.0,0.222,0.49,0.406,0.259,-0.048,-0.274,0.574,0.28,-0.0825,0.681,0.376,0.038,0.617,English and Communication,FAMSS,100,1,GS
2.57,0.77,0.434,0.565,0.55,1,0.385,0.429,0.703,0.399,0.43,0.475,0.362,0.045,0.557,0.51,0.0069,1.0,0.333,0.115,0.265,Computer Engineering,FNAS,100,2,GS
2.04,0.615,0.283,0.43,0.338,1,0.144,0.397,0.229,0.391,0.133,-0.309,-0.05,0.133,0.587,-0.01,0.0658,0.137,0.088,0.0,0.311,Doctor of Physiotherapy,FBMS,100,1,NGS
1.21,0.486,0.367,0.644,0.75,0,0.742,0.275,1.0,0.555,0.288,0.26,0.342,-0.016,0.455,-0.1,0.0028,0.142,0.215,0.083,0.556,Information Technology,FNAS,400,1,GS
2.43,0.917,0.529,0.808,0.644,0,0.717,0.192,0.572,0.591,0.446,0.057,0.11,0.216,0.836,0.09,-0.074,0.544,0.38,0.036,0.633,Accounting,FAMSS,400,2,GS
2.0,0.962,0.71,0.926,0.675,1,0.504,0.204,0.431,0.017,0.42,-0.042,0.255,0.087,0.802,-0.16,-0.1297,0.549,0.55,0.055,0.558,Physics and Electronics,FNAS,100,1,GS
1.63,0.573,0.381,0.664,0.463,1,0.451,0.0,0.34,0.156,0.482,0.066,-0.084,0.215,0.738,0.16,-0.012,0.508,0.243,0.117,0.662,Quantity Surveying,FES,200,1,GS
2.39,0.615,0.412,0.465,0.251,1,0.312,0.186,0.646,0.494,0.466,0.039,-0.008,0.186,0.607,0.18,0.0777,0.679,0.141,0.0,0.135,Accounting,FAMSS,300,2,GS
2.54,0.862,0.533,0.755,0.73,1,0.336,0.364,0.47,0.333,0.581,-0.159,-0.062,0.057,0.53,0.2,0.0041,0.569,0.219,0.0,0.252,Accounting,FAMSS,300,2,GS
2.53,0.734,0.556,0.595,0.442,0,1.0,0.028,0.497,0.566,0.645,0.089,-0.048,-0.062,0.59,-0.12,-0.0823,0.768,0.446,0.0,0.845,Architecture,FES,200,1,GS
4.07,0.695,0.611,0.358,0.64,0,0.884,0.03,0.512,0.0,1.0,0.052,0.047,0.315,0.388,-0.45,-0.0693,0.253,0.475,0.051,0.99,English and Communication,FAMSS,200,2,GS
1.92,0.272,0.694,0.429,0.312,0,0.342,0.327,0.37,0.117,0.45,0.11,-0.1,0.215,0.421,0.43,-0.0457,0.484,0.181,0.056,0.19,Estate Management,FES,100,2,GS
2.09,0.834,0.535,0.843,0.87,0,0.888,0.043,0.617,1.0,0.473,0.202,-0.082,-0.12,0.962,-0.73,0.0652,0.187,0.309,0.0,1.0,Software Engineering,FNAS,400,2,GS
1.64,0.658,0.529,0.731,0.228,1,0.45,0.015,0.278,0.175,0.561,-0.123,0.036,-0.063,0.415,-0.62,0.0221,0.28,0.367,0.0,0.325,Public Health,FBMS,200,1,NGS
3.06,0.984,1.0,1.0,0.837,0,0.481,0.03,0.577,0.635,0.76,0.04,0.103,0.22,0.88,-0.05,-0.0132,0.737,0.966,0.0,0.428,Computer Engineering,FNAS,300,2,GS
2.64,0.345,0.659,0.449,0.373,0,0.78,0.162,0.217,0.472,0.408,-0.086,0.19,0.292,0.242,0.08,0.0159,0.596,0.132,0.0,0.431,Doctor of Physiotherapy,FBMS,200,1,GS
1.98,0.415,0.307,0.588,0.589,2,0.689,0.284,0.389,0.487,0.518,0.021,0.034,-0.171,0.573,0.46,-0.0679,0.427,0.382,0.108,0.52,Mathematics,FNAS,400,2,GS
2.86,0.785,0.676,0.717,0.746,0,0.792,0.161,0.517,0.282,0.088,0.104,0.074,0.048,0.681,-0.04,0.0254,0.302,0.627,0.0,0.73,Quantity Surveying,FES,300,1,GS
2.68,0.748,0.695,0.693,0.528,0,0.973,0.29,0.607,0.561,0.693,0.201,0.187,0.01,0.309,0.05,-0.0578,0.469,0.569,0.0,0.844,Computer Science,FNAS,200,1,GS
2.74,0.677,0.652,0.694,0.654,2,0.444,0.103,0.281,0.507,0.225,-0.194,-0.037,-0.241,0.654,0.02,-0.0059,0.323,0.482,0.053,0.513,Industrial Chemistry,FNAS,100,2,GS
2.8,0.552,0.326,0.576,0.58,1,0.783,0.251,0.36,0.489,0.599,-0.108,0.065,-0.194,0.59,0.35,-0.1185,0.408,0.215,0.098,0.474,Mathematics,FNAS,300,1,GS
2.91,0.523,0.533,0.287,0.323,1,0.384,0.744,0.132,0.078,0.425,-0.017,-0.116,0.045,0.313,-0.16,0.0739,0.008,0.119,0.0,0.495,Business Administration,FAMSS,100,2,GS
2.77,0.959,1.0,1.0,0.909,0,0.319,0.435,0.785,0.529,0.219,-0.182,0.017,0.025,0.567,-0.18,-0.0899,0.389,0.91,0.0,0.0,Economics,FAMSS,200,2,GS
3.27,0.879,0.818,0.808,0.751,0,0.651,0.385,0.496,0.547,0.348,0.135,0.003,-0.161,0.763,0.17,-0.0887,0.498,0.671,0.068,0.355,Architecture,FES,100,2,GS
2.3,0.102,0.045,0.227,0.334,2,0.557,0.484,0.307,0.775,0.432,0.246,-0.032,0.249,0.016,-0.12,-0.0136,0.486,0.1,0.082,0.128,Nursing,FBMS,100,2,GS
3.07,0.572,0.587,0.46,0.523,2,0.744,0.35,0.48,0.841,0.574,-0.204,0.103,0.079,0.675,-0.11,-0.0681,0.547,0.452,0.0,0.596,History and International Relations,FAMSS,100,2,GS
0.89,0.286,0.328,0.326,0.065,5,0.374,0.741,0.212,0.55,0.304,-0.122,-0.086,-0.109,0.277,0.12,0.0664,0.522,0.255,0.475,0.0,Computer Engineering,FNAS,100,1,NGS
2.77,0.894,0.84,0.799,0.624,0,0.679,0.196,0.529,0.422,0.517,0.071,0.1,0.127,0.518,0.45,-0.0808,0.57,0.595,0.0,0.769,Software Engineering,FNAS,200,1,GS
2.83,0.546,0.395,0.522,0.493,1,0.755,0.291,0.511,0.4,0.311,0.079,-0.011,-0.05,0.573,0.28,-0.0571,0.617,0.059,0.049,0.528,Nursing,FBMS,300,2,GS
3.24,0.627,0.482,0.822,0.484,1,0.641,0.188,0.236,0.53,0.315,0.141,-0.082,0.033,0.532,0.06,-0.0567,0.361,0.434,0.0,0.521,Cybersecurity,FNAS,100,2,GS
2.92,0.877,1.0,0.882,0.885,0,0.919,0.244,0.496,0.396,0.712,0.253,-0.066,0.013,0.771,-0.07,-0.1258,0.628,0.888,0.0,0.797,English and Communication,FAMSS,200,1,GS
2.91,0.501,0.549,0.581,0.577,1,0.9,0.092,0.474,0.772,0.359,0.113,0.358,0.109,0.823,-0.32,-0.0476,0.517,0.317,0.0,0.831,Business Administration,FAMSS,300,2,GS
3.6,0.435,0.627,0.609,0.462,1,0.458,0.464,0.476,0.467,0.767,0.111,0.259,0.13,0.583,-0.22,-0.0293,0.482,0.246,0.0,0.251,Industrial Chemistry,FNAS,100,2,GS
3.09,0.63,0.559,0.8,0.686,0,0.662,0.169,0.469,0.567,0.767,0.021,0.013,-0.129,0.793,0.15,-0.0503,0.381,0.28,0.072,0.48,Business Administration,FAMSS,400,2,GS
3.07,0.458,0.481,0.555,0.494,1,0.67,0.244,0.424,0.594,1.0,0.394,0.088,0.211,0.29,0.04,-0.0091,0.178,0.127,0.069,0.49,Computer Science,FNAS,100,2,GS
1.89,0.645,0.902,0.773,0.37,2,0.576,0.127,0.594,0.486,0.273,-0.209,-0.247,0.011,0.761,-0.4,-0.018,0.508,0.61,0.182,0.558,Biochemistry,FNAS,100,1,NGS
1.44,1.0,1.0,1.0,1.0,0,0.78,0.213,0.4,0.454,0.666,0.268,0.199,0.069,0.851,0.29,-0.0594,0.618,1.0,0.0,0.389,Business Administration,FAMSS,100,2,GS
2.83,0.466,0.337,0.417,0.244,1,0.765,0.153,0.149,0.365,1.0,0.25,-0.046,0.059,0.305,0.18,-0.043,0.795,0.23,0.0,0.455,Public Health,FBMS,300,1,GS
2.51,0.387,0.467,0.63,0.411,0,0.808,0.0,0.272,0.175,0.687,0.13,0.03,-0.104,0.27,0.06,-0.0867,0.418,0.122,0.021,0.81,Quantity Surveying,FES,400,1,GS
2.42,0.867,0.823,0.827,0.615,0,0.615,0.132,0.36,0.538,0.631,0.151,0.212,0.017,0.772,-0.06,0.0177,0.459,0.686,0.0,0.564,Economics,FAMSS,400,1,GS
2.44,0.663,0.46,0.555,0.402,1,0.493,0.15,0.242,0.552,0.671,-0.005,-0.155,-0.217,0.124,0.41,-0.1213,0.596,0.479,0.073,0.384,Health Information Management,FBMS,100,1,GS
2.54,0.773,0.977,0.687,0.624,0,0.448,0.231,0.804,0.363,0.342,0.188,0.225,-0.123,0.969,-0.22,-0.0245,1.0,0.691,0.05,0.268,Mathematics,FNAS,200,2,GS
3.11,0.778,0.699,0.697,0.528,1,0.909,0.193,0.286,0.624,0.522,-0.148,0.134,0.114,0.485,0.23,-0.0055,0.214,0.492,0.002,0.647,Information Technology,FNAS,300,2,GS
3.09,0.451,0.397,0.552,0.149,0,0.96,0.154,0.901,0.612,0.701,0.196,0.222,-0.159,0.203,0.34,-0.09,0.566,0.243,0.0,0.941,Nursing,FBMS,300,2,GS
2.41,0.264,0.21,0.47,0.256,2,0.43,0.544,0.0,0.167,0.278,-0.252,0.022,0.084,0.279,-0.14,0.0199,0.265,0.153,0.086,0.097,Software Engineering,FNAS,400,1,GS
3.99,0.586,0.577,0.735,0.596,0,0.918,0.206,0.697,0.199,0.362,0.356,-0.185,-0.154,0.628,0.12,-0.052,0.586,0.299,0.007,0.711,History and International Relations,FAMSS,200,1,GS
2.63,0.903,0.707,0.973,0.717,0,0.703,0.369,0.209,0.633,0.377,-0.109,-0.013,0.173,1.0,0.25,-0.0216,0.708,0.698,0.0,0.424,Software Engineering,FNAS,100,2,GS
2.33,0.39,0.322,0.342,0.323,2,0.759,0.151,0.637,0.62,0.535,0.316,0.074,-0.117,0.124,-0.15,0.0245,0.419,0.042,0.097,0.544,Public Health,FBMS,100,1,GS
2.53,0.829,0.879,0.792,0.835,0,0.613,0.192,0.435,0.0,0.701,0.194,0.107,0.066,0.601,0.05,0.01,0.166,0.76,0.0,0.438,Public Health,FBMS,200,1,GS
3.08,0.475,0.7,0.449,0.503,1,0.528,0.217,0.339,0.289,0.849,-0.067,0.125,-0.039,0.48,0.11,-0.0086,0.0,0.275,0.0,0.286,Cybersecurity,FNAS,100,1,GS
3.58,0.471,0.322,0.419,0.404,1,0.704,0.438,0.249,0.213,0.756,0.496,0.185,0.116,0.502,0.23,-0.0048,0.491,0.33,0.0,0.402,Nursing,FBMS,100,2,GS
3.01,0.578,0.422,0.66,0.268,0,0.383,0.056,0.295,0.0,0.608,-0.055,0.159,0.187,0.474,0.41,-0.1215,0.382,0.124,0.087,0.579,Computer Science,FNAS,200,2,GS
2.29,0.473,0.455,0.315,0.322,3,0.868,0.07,0.127,0.53,0.719,0.194,0.182,0.175,0.316,-0.08,-0.018,0.695,0.327,0.043,0.837,Quantity Surveying,FES,100,1,GS
3.36,0.811,0.521,0.591,0.541,0,0.779,0.072,0.439,0.549,0.423,-0.007,0.147,0.04,0.763,-0.25,-0.0232,0.713,0.427,0.0,0.779,Computer Engineering,FNAS,300,1,GS
3.32,0.719,0.593,0.575,0.495,0,0.711,0.295,0.366,0.57,0.737,-0.001,0.187,0.108,0.694,-0.11,-0.0855,0.066,0.282,0.0,0.701,Accounting,FAMSS,200,2,GS
1.85,0.15,0.098,0.289,0.195,5,0.306,0.339,0.154,0.178,0.0,-0.391,-0.096,-0.231,0.148,-0.46,-0.0728,0.309,0.022,0.26,0.171,Cybersecurity,FNAS,400,1,NGS
3.48,0.63,0.563,0.528,0.127,1,0.716,0.058,0.765,0.503,0.263,-0.377,0.316,-0.099,0.534,-0.19,0.0301,0.56,0.35,0.0,0.569,Information Technology,FNAS,300,2,GS
2.42,0.537,0.365,0.423,0.542,0,0.393,0.635,0.105,0.149,0.478,0.169,-0.072,-0.077,0.485,-0.11,0.0494,0.27,0.09,0.025,0.037,Doctor of Physiotherapy,FBMS,300,1,GS
1.48,0.071,0.0,0.414,0.134,3,0.165,0.564,0.0,0.152,0.405,-0.427,-0.445,-0.056,0.225,-0.6,0.0362,0.401,0.0,0.203,0.067,Software Engineering,FNAS,400,1,NGS
3.04,0.628,0.679,0.581,0.657,0,0.361,0.441,0.173,0.251,0.564,-0.202,0.033,-0.049,0.746,0.0,0.0151,0.411,0.301,0.0,0.315,Computer Science,FNAS,400,1,GS
3.58,0.484,0.513,0.554,0.433,0,0.657,0.388,0.508,0.574,0.14,-0.038,0.332,0.096,0.605,0.45,-0.0331,0.61,0.206,0.0,0.535,Health Information Management,FBMS,400,2,GS
2.29,0.328,0.39,0.564,0.275,1,0.337,0.345,0.535,0.258,0.433,-0.091,-0.002,-0.113,0.364,0.25,0.0025,0.081,0.098,0.029,0.074,Estate Management,FES,200,1,GS
2.94,0.787,0.928,0.815,0.681,0,0.572,0.051,0.634,0.447,0.568,-0.104,0.089,0.076,0.591,0.29,0.0276,0.491,0.841,0.0,0.745,Criminology and Security Studies,FAMSS,300,1,GS
3.0,0.685,0.708,0.68,0.611,0,0.758,0.224,0.241,0.433,0.339,0.214,0.061,-0.193,0.52,0.33,-0.093,0.551,0.434,0.085,0.631,Physics and Electronics,FNAS,400,1,GS
2.48,0.545,0.402,0.552,0.684,0,0.784,0.584,0.207,0.513,0.925,-0.139,0.444,-0.014,0.605,0.02,-0.0216,0.453,0.152,0.033,0.259,Information Technology,FNAS,400,2,GS
1.96,0.08,0.262,0.381,0.224,2,0.558,0.189,0.0,0.052,0.317,0.049,-0.081,0.073,0.498,-0.28,-0.0025,0.49,0.033,0.106,0.507,Accounting,FAMSS,200,2,GS
3.83,0.407,0.406,0.504,0.496,1,0.813,0.326,0.667,0.286,0.516,0.097,0.037,0.152,0.472,0.22,0.025,0.744,0.266,0.0,0.771,Software Engineering,FNAS,100,1,GS
1.97,0.51,0.501,0.32,0.349,2,0.153,0.34,0.199,0.659,0.608,0.043,-0.033,-0.156,0.404,0.08,0.008,0.707,0.291,0.108,0.031,Computer Engineering,FNAS,300,2,GS
2.41,0.535,0.606,0.641,0.643,1,0.519,0.366,0.364,0.383,0.304,0.028,0.035,-0.061,0.364,-0.12,-0.0605,0.249,0.103,0.014,0.081,Health Information Management,FBMS,400,2,GS
2.2,0.0,0.0,0.0,0.0,6,0.171,0.291,0.334,0.439,0.667,-0.118,-0.252,0.065,0.0,0.59,-0.0066,0.048,0.0,0.268,0.18,History and International Relations,FAMSS,200,2,NGS
2.44,0.489,0.935,0.828,0.464,1,0.617,0.305,0.202,0.509,0.363,0.344,0.063,0.039,0.265,0.14,-0.0255,0.419,0.494,0.044,0.378,Computer Engineering,FNAS,200,2,GS
1.95,0.634,0.801,0.757,0.586,1,0.694,0.335,0.543,0.138,0.721,0.058,0.138,-0.048,0.324,0.13,-0.0184,0.563,0.487,0.125,0.511,Industrial Chemistry,FNAS,300,2,GS
2.21,0.55,0.819,0.553,0.729,1,0.525,0.096,0.367,0.361,0.682,0.241,0.035,0.024,0.584,0.3,-0.0377,0.332,0.442,0.092,0.296,Estate Management,FES,100,2,GS
2.82,0.862,0.523,0.586,0.744,0,0.615,0.348,0.611,0.59,0.918,0.313,0.056,-0.266,0.765,0.5,-0.0564,0.379,0.376,0.013,0.368,Physics and Electronics,FNAS,200,1,GS
2.22,0.791,0.551,0.58,0.664,0,0.432,0.107,0.548,0.095,0.475,-0.01,-0.043,-0.088,0.621,0.28,-0.0812,0.457,0.439,0.0,0.33,Cybersecurity,FNAS,100,2,GS
2.56,0.773,0.697,0.788,0.639,0,0.797,0.051,0.565,0.647,0.397,-0.164,0.144,0.215,0.481,0.02,-0.0035,0.199,0.325,0.054,0.581,Economics,FAMSS,300,1,GS
1.81,0.443,0.474,0.323,0.135,1,0.337,0.26,0.688,0.897,0.575,0.193,0.007,-0.099,0.545,0.46,0.0861,0.234,0.252,0.129,0.368,Architecture,FES,100,2,GS
3.48,0.553,0.687,0.437,0.337,2,0.693,0.067,0.466,0.298,0.771,0.181,0.048,0.079,0.632,-0.07,-0.0774,0.709,0.391,0.0,0.687,Criminology and Security Studies,FAMSS,100,1,GS
2.02,0.6,0.536,0.659,0.486,2,0.641,0.273,0.071,0.409,0.47,0.313,0.192,0.137,0.556,0.22,-0.0302,0.436,0.212,0.104,0.434,Business Administration,FAMSS,200,2,GS
2.81,0.463,0.559,0.424,0.294,3,0.662,0.231,0.528,0.686,0.3,0.131,-0.089,0.259,0.14,0.23,0.007,0.365,0.106,0.078,0.516,Industrial Chemistry,FNAS,200,1,GS
2.24,0.866,0.842,0.875,0.806,0,0.899,0.243,0.547,0.706,0.376,0.004,0.076,-0.068,0.712,0.08,-0.0696,0.463,0.91,0.01,0.629,Economics,FAMSS,200,1,GS
3.8,0.705,0.79,0.741,0.65,0,0.667,0.104,0.888,0.699,0.08,0.009,0.135,0.141,0.861,0.4,0.1323,0.794,0.359,0.01,0.549,Nursing,FBMS,200,1,GS
3.08,0.531,0.501,0.449,0.2,0,0.878,0.404,0.538,0.37,0.713,-0.039,0.259,0.307,0.5,0.19,-0.0364,0.352,0.389,0.0,0.616,Estate Management,FES,100,2,GS
2.62,0.749,0.67,0.697,0.689,1,0.61,0.306,0.675,1.0,0.963,0.252,-0.029,0.206,0.592,0.13,-0.0633,0.418,0.482,0.141,0.391,History and International Relations,FAMSS,300,1,GS
2.27,0.457,0.579,0.706,0.449,0,0.482,0.27,0.44,0.609,0.376,-0.009,-0.102,-0.046,0.662,0.08,-0.0789,0.445,0.334,0.0,0.419,Architecture,FES,500,1,GS
4.07,0.522,0.587,0.677,0.563,0,0.456,0.026,0.25,0.757,0.891,0.008,0.408,-0.135,0.55,0.61,-0.0119,0.222,0.256,0.034,0.251,Cybersecurity,FNAS,300,1,GS
3.07,0.468,0.444,0.276,0.472,3,0.53,0.142,0.685,0.475,0.538,0.063,0.212,0.091,0.413,-0.19,-0.0063,0.299,0.16,0.045,0.315,Criminology and Security Studies,FAMSS,400,1,GS
1.85,0.351,0.513,0.558,0.185,1,0.572,0.365,0.0,0.146,0.37,-0.121,-0.237,0.107,0.419,-0.33,0.0285,0.0,0.259,0.067,0.316,English and Communication,FAMSS,400,1,NGS
1.68,0.889,0.882,0.93,0.761,1,0.638,0.042,0.615,0.246,0.556,0.08,-0.233,0.39,0.869,0.19,-0.0133,0.055,0.674,0.071,0.651,Cybersecurity,FNAS,200,1,GS
1.42,0.331,0.204,0.447,0.005,1,0.195,0.403,0.0,0.232,0.154,-0.016,-0.14,-0.08,0.175,-0.48,0.0522,0.482,0.204,0.056,0.023,Industrial Chemistry,FNAS,100,2,NGS
2.23,0.348,0.244,0.3,0.301,0,0.844,0.191,0.928,0.128,0.859,0.289,0.2,0.113,0.103,-0.16,0.116,0.272,0.0,0.022,0.604,Business Administration,FAMSS,100,2,GS
2.5,0.789,0.767,0.77,0.634,0,0.878,0.129,0.224,0.584,0.41,-0.306,0.012,-0.255,0.759,0.02,-0.1067,0.389,0.589,0.0,0.912,Health Information Management,FBMS,100,2,GS
2.58,0.421,0.525,0.173,0.101,1,0.561,0.413,0.524,0.337,0.937,-0.063,-0.243,-0.07,0.213,0.03,0.0728,0.197,0.285,0.092,0.408,Nursing,FBMS,100,2,GS
1.36,0.242,0.62,0.156,0.296,3,0.855,0.336,0.619,0.362,0.598,0.057,0.012,-0.091,0.0,0.46,0.0219,0.033,0.098,0.211,0.657,Computer Science,FNAS,100,1,GS
2.39,0.719,0.724,0.727,0.865,1,0.52,0.319,0.504,0.663,0.536,0.068,0.107,0.118,0.304,0.48,-0.0557,0.492,0.404,0.041,0.301,Economics,FAMSS,100,1,GS
2.44,0.413,0.371,0.28,0.082,4,0.664,0.374,0.312,0.689,0.74,0.217,0.047,0.092,0.276,0.28,-0.0944,0.304,0.0,0.204,0.344,Criminology and Security Studies,FAMSS,200,2,GS
1.18,0.704,0.495,0.571,0.564,1,0.381,0.178,0.403,0.202,0.136,-0.107,-0.158,-0.165,0.542,-0.31,0.0021,0.125,0.378,0.04,0.502,English and Communication,FAMSS,100,1,NGS
2.8,1.0,1.0,1.0,1.0,0,0.439,0.132,0.066,0.206,0.552,0.148,-0.062,0.32,1.0,-0.18,-0.0113,0.279,0.997,0.122,0.348,Cybersecurity,FNAS,200,2,GS
1.36,0.666,0.814,0.649,0.704,0,0.313,0.317,0.263,0.143,0.37,-0.021,-0.029,0.21,0.487,-0.32,-0.005,0.369,0.448,0.0,0.545,Accounting,FAMSS,100,2,NGS
2.5,0.735,0.743,0.454,0.653,0,0.482,0.257,0.569,0.376,0.832,0.362,0.126,0.034,0.716,0.17,-0.0538,0.868,0.682,0.055,0.253,Public Health,FBMS,200,2,GS
2.27,0.585,0.71,0.719,0.966,1,0.485,0.06,0.614,0.782,0.566,-0.023,0.172,0.146,0.734,0.43,-0.0453,0.086,0.413,0.113,0.378,Accounting,FAMSS,100,1,GS
2.61,0.271,0.392,0.636,0.365,1,0.346,0.195,0.645,0.089,0.641,0.259,-0.078,0.222,0.305,-0.3,0.0101,0.64,0.112,0.0,0.295,Cybersecurity,FNAS,100,1,GS
2.18,0.759,0.862,0.632,0.591,1,0.779,0.381,0.293,0.377,0.44,-0.09,-0.166,0.128,0.599,-0.19,-0.0055,0.647,0.671,0.0,0.47,Economics,FAMSS,100,2,GS
2.59,0.392,0.508,0.597,0.373,0,0.717,0.129,0.614,0.561,0.748,0.049,0.031,-0.093,0.214,0.38,-0.0743,0.462,0.34,0.0,0.838,Biochemistry,FNAS,300,2,GS
2.07,0.642,0.693,0.658,0.465,0,0.466,0.403,0.838,0.318,0.948,-0.014,0.178,0.061,0.261,-0.5,-0.0991,0.665,0.587,0.0,0.0,Computer Engineering,FNAS,200,2,GS
2.99,0.184,0.149,0.205,0.194,1,0.523,0.311,0.347,0.0,0.393,-0.111,-0.116,-0.197,0.055,-0.3,0.0489,0.032,0.127,0.11,0.374,Accounting,FAMSS,100,1,NGS
2.81,0.639,0.633,0.768,0.559,0,0.667,0.357,0.633,0.607,0.481,0.11,0.346,-0.12,0.55,0.04,-0.0561,0.155,0.601,0.0,0.347,Criminology and Security Studies,FAMSS,300,2,GS
2.78,0.062,0.321,0.097,0.227,4,0.307,0.534,0.067,0.164,0.162,-0.329,0.133,-0.082,0.097,-0.64,0.1057,0.203,0.0,0.185,0.003,Nursing,FBMS,100,1,NGS
3.14,0.598,0.344,0.661,0.321,1,0.482,0.356,0.095,0.0,0.353,-0.136,-0.089,-0.139,0.728,-0.36,0.101,0.012,0.371,0.0,0.319,Criminology and Security Studies,FAMSS,100,1,GS
4.15,0.482,0.204,0.611,0.514,3,0.721,0.438,0.668,0.176,0.652,0.059,0.054,0.173,0.658,0.21,-0.0355,0.802,0.258,0.086,0.723,English and Communication,FAMSS,100,1,GS
3.33,0.703,0.494,0.788,0.737,0,0.526,0.371,0.682,0.376,0.523,-0.077,-0.127,0.077,0.442,-0.38,-0.1128,0.096,0.535,0.0,0.095,Computer Science,FNAS,100,1,GS
2.31,0.681,0.72,0.502,0.813,0,0.661,0.415,0.051,0.137,0.391,-0.031,-0.144,-0.267,0.781,0.26,-0.0867,0.246,0.458,0.031,0.435,Mathematics,FNAS,300,1,GS
2.85,0.944,0.949,0.993,0.966,1,1.0,0.125,0.191,0.029,0.801,0.246,-0.13,-0.11,0.969,-0.29,-0.0849,0.491,0.849,0.0,0.8,Health Information Management,FBMS,100,1,GS
2.1,0.446,0.689,0.719,0.529,0,0.715,0.627,0.276,0.442,0.346,-0.025,-0.143,0.04,0.816,0.01,-0.0182,0.468,0.309,0.0,0.292,English and Communication,FAMSS,200,2,GS
1.69,0.202,0.574,0.753,0.349,1,0.455,0.377,0.207,0.085,0.775,-0.185,-0.28,0.066,0.472,-0.42,-0.0051,0.45,0.109,0.03,0.156,Criminology and Security Studies,FAMSS,200,1,NGS
1.99,0.762,0.757,1.0,0.737,0,0.96,0.03,0.503,0.423,0.0,0.009,0.281,0.101,0.453,0.63,-0.0958,0.503,0.608,0.013,1.0,Software Engineering,FNAS,200,2,GS
1.42,0.487,0.436,0.738,0.556,1,0.819,0.231,1.0,0.173,0.707,0.185,-0.139,0.059,0.552,0.56,-0.0186,0.426,0.095,0.061,0.703,Cybersecurity,FNAS,200,1,GS
1.63,0.15,0.238,0.495,0.273,3,0.517,0.622,0.0,0.496,0.671,-0.002,0.039,0.039,0.122,-0.18,-0.024,0.257,0.024,0.231,0.299,Computer Science,FNAS,200,1,NGS
2.34,0.605,0.408,0.453,0.468,2,0.509,0.346,0.591,0.478,0.894,0.002,0.047,0.175,0.675,0.44,-0.0562,0.472,0.159,0.058,0.528,Economics,FAMSS,100,1,GS
1.76,0.673,0.796,0.449,0.891,0,0.54,0.157,0.626,0.127,0.664,0.014,0.118,-0.132,0.64,0.42,0.0144,0.244,0.537,0.033,0.567,Physics and Electronics,FNAS,100,1,GS
3.35,0.746,0.929,0.672,0.605,0,0.797,0.062,0.354,0.195,0.544,0.323,0.034,0.097,0.533,-0.11,0.0248,0.458,0.753,0.04,0.66,Computer Science,FNAS,300,1,GS
3.8,0.84,0.674,0.88,0.553,0,0.809,0.408,0.38,0.279,0.735,0.143,-0.21,-0.079,0.611,-0.28,-0.1278,0.416,0.646,0.0,0.39,Computer Engineering,FNAS,100,1,GS
3.17,0.674,0.271,0.554,0.39,0,0.476,0.163,0.606,0.0,0.617,-0.383,0.137,-0.071,0.548,-0.09,-0.0002,0.415,0.317,0.008,0.386,Public Health,FBMS,200,1,GS
2.22,0.654,0.58,0.707,0.575,0,0.289,0.165,0.91,0.123,0.635,0.134,-0.036,0.33,0.607,0.39,0.0192,0.768,0.27,0.0,0.344,Architecture,FES,500,2,GS
3.21,0.81,0.83,0.866,0.656,0,0.812,0.478,0.093,0.913,1.0,0.12,0.146,0.104,0.757,0.24,-0.1499,0.0,0.718,0.0,0.476,Information Technology,FNAS,100,2,GS
2.94,0.912,0.849,0.754,0.676,1,0.583,0.396,0.587,0.812,0.269,0.069,0.089,0.169,0.445,0.06,-0.008,0.67,0.848,0.005,0.367,Architecture,FES,200,2,GS
1.93,0.544,0.543,0.518,0.431,0,0.382,0.119,0.191,0.202,0.379,0.34,0.357,-0.064,0.514,0.24,0.0226,0.434,0.341,0.0,0.333,Criminology and Security Studies,FAMSS,200,1,GS
3.16,0.65,0.502,0.489,0.452,0,0.892,0.394,0.202,0.478,0.54,0.102,-0.018,-0.099,0.414,-0.09,-0.0716,0.622,0.427,0.0,0.431,English and Communication,FAMSS,100,2,GS
1.89,0.581,0.535,0.798,0.502,0,0.404,0.284,0.602,0.0,0.326,0.301,0.26,0.24,0.161,0.18,-0.0394,0.0,0.455,0.035,0.213,Architecture,FES,400,2,GS
3.87,1.0,0.848,1.0,0.804,0,0.509,0.225,0.668,0.418,0.631,-0.225,0.247,-0.052,0.846,0.16,-0.0457,0.098,0.751,0.0,0.1,Accounting,FAMSS,200,2,GS
1.95,0.677,0.896,0.668,0.505,0,0.473,0.323,0.388,0.332,0.489,0.217,0.217,0.045,0.699,0.11,0.0622,0.145,0.931,0.1,0.422,Mathematics,FNAS,100,1,GS
3.55,0.457,0.577,0.69,0.562,2,0.401,0.065,0.768,0.621,0.777,-0.076,-0.185,-0.013,0.635,0.13,-0.039,0.558,0.346,0.125,0.173,Mathematics,FNAS,100,2,GS
3.19,0.982,0.849,0.728,0.679,0,0.43,0.262,0.223,0.412,0.481,-0.212,0.13,0.26,1.0,0.1,-0.0554,0.645,0.819,0.111,0.327,Doctor of Physiotherapy,FBMS,400,1,GS
2.29,0.446,0.386,0.611,0.276,1,0.668,0.067,0.396,0.446,0.733,0.068,0.1,-0.037,0.476,0.1,0.0491,0.835,0.216,0.005,0.68,Mathematics,FNAS,300,1,GS
2.0,0.533,0.431,0.446,0.314,1,0.411,0.255,0.309,0.366,0.421,-0.195,-0.255,-0.1,0.58,0.51,0.0105,0.611,0.316,0.0,0.48,Cybersecurity,FNAS,200,2,GS
2.45,0.657,0.862,0.997,0.691,0,0.461,0.019,0.538,0.155,0.581,-0.028,0.138,-0.048,0.646,-0.2,0.002,0.445,0.494,0.062,0.3,Cybersecurity,FNAS,300,1,GS
3.11,0.574,0.455,0.717,0.516,2,0.464,0.416,0.339,0.324,0.434,0.048,-0.251,0.21,0.379,-0.3,0.0462,0.406,0.232,0.087,0.373,Architecture,FES,200,2,GS
2.52,0.726,0.33,0.239,0.767,1,0.436,0.275,0.532,0.299,0.383,0.028,0.206,-0.034,0.3,0.38,0.1179,0.79,0.045,0.11,0.308,Physics and Electronics,FNAS,200,1,GS
3.17,0.715,0.702,0.748,0.876,2,0.411,0.233,0.428,0.569,0.429,-0.026,0.026,-0.068,0.443,-0.03,0.0058,0.0,0.588,0.0,0.275,Accounting,FAMSS,300,1,GS
1.34,0.51,0.692,0.429,0.495,0,0.534,0.277,0.571,0.24,0.59,0.295,0.229,-0.056,0.231,0.87,-0.0607,0.718,0.408,0.021,0.258,Accounting,FAMSS,300,2,GS
3.05,0.968,0.999,0.905,0.953,0,0.423,0.03,0.276,0.389,0.534,0.193,-0.078,0.197,1.0,0.1,-0.0388,0.131,0.76,0.0,0.406,Computer Science,FNAS,200,2,GS
2.69,0.139,0.196,0.269,0.063,3,0.422,0.323,0.721,0.381,0.761,0.051,0.216,-0.084,0.068,0.38,0.0953,0.426,0.089,0.0,0.428,Public Health,FBMS,100,1,GS
1.99,0.404,0.316,0.387,0.432,0,0.525,0.102,0.867,0.771,0.772,-0.234,0.046,0.237,0.234,0.0,0.0001,0.446,0.155,0.0,0.56,Nursing,FBMS,300,1,GS
2.7,0.543,0.82,0.637,0.6,0,0.252,0.073,0.463,0.706,0.525,0.361,-0.169,0.13,0.321,-0.2,-0.0308,0.055,0.476,0.0,0.114,Business Administration,FAMSS,300,2,GS
1.32,0.755,0.821,0.696,0.419,0,0.577,0.214,0.722,0.124,0.799,-0.267,0.047,0.078,0.607,0.74,-0.0011,0.552,0.613,0.002,0.403,Criminology and Security Studies,FAMSS,200,1,GS
2.62,0.345,0.592,0.63,0.562,0,0.737,0.409,0.48,0.592,0.615,0.337,-0.197,0.05,0.767,-0.06,0.0145,0.386,0.234,0.06,0.467,English and Communication,FAMSS,200,2,GS
2.44,0.241,0.279,0.387,0.24,2,0.428,0.315,0.265,0.0,0.332,-0.116,-0.114,-0.177,0.331,0.35,-0.0619,0.251,0.167,0.044,0.282,Biochemistry,FNAS,200,1,NGS
1.6,0.275,0.164,0.428,0.34,3,0.388,0.6,0.399,0.019,0.243,0.044,-0.188,-0.061,0.305,-0.24,0.0055,0.428,0.0,0.218,0.246,Estate Management,FES,400,1,NGS
3.9,0.532,0.243,0.446,0.62,1,0.396,0.139,0.33,0.329,0.332,-0.184,0.185,0.405,0.547,0.41,-0.039,0.499,0.139,0.051,0.328,Cybersecurity,FNAS,100,1,GS
1.37,0.336,0.391,0.252,0.209,3,0.659,0.323,0.057,0.053,0.178,-0.091,0.026,-0.369,0.477,0.37,-0.002,0.185,0.236,0.329,0.608,Industrial Chemistry,FNAS,200,2,NGS
2.73,0.295,0.48,0.382,0.254,1,0.563,0.471,0.316,0.468,0.644,0.121,-0.089,-0.021,0.289,0.21,-0.0168,0.089,0.017,0.042,0.181,Nursing,FBMS,100,1,GS
1.79,0.19,0.307,0.297,0.022,2,0.0,0.504,0.171,0.138,0.244,-0.003,0.226,0.027,0.0,-0.55,0.0912,0.154,0.0,0.264,0.0,Accounting,FAMSS,300,2,NGS
2.72,0.947,0.618,0.631,0.442,0,0.902,0.444,0.756,0.0,0.456,-0.314,-0.063,-0.19,0.896,0.22,0.0296,0.632,0.422,0.0,0.379,Biochemistry,FNAS,100,1,GS
3.16,0.767,0.8,0.73,0.587,0,0.452,0.03,0.204,0.586,0.813,0.067,-0.012,-0.293,0.62,-0.29,-0.0136,0.614,0.483,0.047,0.279,Industrial Chemistry,FNAS,100,2,GS
3.23,0.415,0.255,0.252,0.03,1,0.633,0.157,0.573,0.709,0.725,-0.046,0.171,0.055,0.161,-0.18,0.0332,0.662,0.061,0.005,0.485,Mathematics,FNAS,400,2,GS
3.24,0.969,0.77,0.866,0.745,0,0.731,0.048,0.685,0.66,0.306,-0.135,0.236,-0.11,0.686,0.13,-0.0397,0.288,0.834,0.0,0.699,Computer Science,FNAS,400,1,GS
2.87,0.476,0.539,0.657,0.349,0,0.778,0.289,0.417,0.0,0.81,0.165,0.145,-0.157,0.397,0.44,-0.039,0.723,0.371,0.095,0.518,Accounting,FAMSS,200,1,GS
2.72,0.414,0.532,0.683,0.35,0,0.544,0.376,0.403,0.342,0.455,0.228,0.224,0.313,0.539,0.19,-0.0644,0.457,0.238,0.103,0.205,Computer Science,FNAS,100,1,GS
3.0,0.891,0.876,0.599,0.368,0,0.314,0.049,0.735,0.314,0.673,-0.365,0.016,0.176,0.604,0.2,0.0435,0.359,0.839,0.0,0.138,History and International Relations,FAMSS,100,2,GS
1.82,0.292,0.369,0.259,0.249,4,0.296,0.089,0.26,0.475,0.79,0.03,-0.295,0.034,0.298,-0.18,-0.0471,0.167,0.22,0.114,0.527,English and Communication,FAMSS,200,1,NGS
2.68,0.467,0.452,0.391,0.113,3,0.633,0.208,0.416,0.211,0.456,0.07,0.037,0.021,0.518,0.39,0.0312,0.337,0.336,0.098,0.489,Architecture,FES,200,1,GS
2.02,0.509,0.517,0.41,0.214,0,0.33,0.482,0.203,0.287,0.312,-0.202,0.198,0.085,0.538,-0.06,0.058,0.184,0.449,0.0,0.262,Biochemistry,FNAS,300,1,GS
3.58,0.816,0.551,0.895,0.846,1,0.542,0.157,0.703,0.711,0.333,0.009,0.3,-0.265,0.659,0.6,-0.012,0.139,0.38,0.0,0.398,History and International Relations,FAMSS,100,1,GS
2.19,0.55,0.402,0.726,0.466,0,0.477,0.274,0.291,0.045,0.488,0.182,0.079,0.281,0.704,-0.19,-0.0493,0.077,0.191,0.023,0.19,Physics and Electronics,FNAS,300,2,GS
3.43,0.712,0.951,1.0,0.731,0,0.825,0.095,0.265,0.437,0.404,-0.023,0.22,-0.101,0.611,0.06,-0.0891,0.617,0.741,0.0,0.794,Business Administration,FAMSS,200,1,GS
3.08,0.549,0.698,0.693,0.656,1,0.767,0.147,0.321,0.696,0.668,0.194,-0.038,0.158,0.866,0.38,-0.0894,0.689,0.442,0.0,0.654,Computer Engineering,FNAS,400,1,GS
2.83,0.767,0.79,0.927,0.523,3,0.807,0.166,0.332,0.024,0.729,0.114,0.179,0.175,0.529,0.09,-0.0271,0.608,0.657,0.094,0.484,Criminology and Security Studies,FAMSS,100,2,GS
3.13,0.59,0.376,0.224,0.301,1,0.565,0.157,0.808,0.304,0.435,-0.269,0.206,0.031,0.147,0.33,-0.1105,0.265,0.22,0.109,0.506,Industrial Chemistry,FNAS,200,2,GS
2.83,0.0,0.088,0.316,0.155,3,0.214,0.257,0.002,0.0,0.239,0.055,0.168,-0.103,0.251,0.03,0.0225,0.0,0.087,0.0,0.274,Software Engineering,FNAS,100,1,NGS
2.95,0.334,0.296,0.281,0.0,2,0.467,0.286,0.565,0.0,0.525,-0.295,-0.017,0.096,0.345,-0.03,-0.0324,0.627,0.044,0.093,0.293,Nursing,FBMS,400,1,GS
2.48,0.478,0.542,0.703,0.409,1,0.741,0.09,0.159,0.217,0.0,-0.255,0.262,-0.073,0.338,0.17,-0.0136,0.743,0.246,0.053,0.735,English and Communication,FAMSS,400,1,GS
2.34,0.622,0.353,0.719,0.482,1,0.5,0.296,0.645,0.486,0.593,0.202,0.089,0.134,0.439,-0.1,-0.0651,0.265,0.277,0.076,0.29,Economics,FAMSS,200,1,GS
2.92,0.785,0.566,0.697,0.667,0,0.437,0.045,0.382,0.261,0.281,0.149,0.083,0.104,0.647,0.27,-0.0391,0.0,0.618,0.0,0.54,Accounting,FAMSS,300,1,GS
2.12,0.486,0.42,0.788,0.446,0,0.568,0.149,0.879,0.682,0.577,0.186,0.186,-0.276,0.487,0.37,0.0556,0.093,0.0,0.0,0.544,Physics and Electronics,FNAS,200,2,GS
2.89,0.693,0.805,0.82,0.825,0,0.751,0.164,0.563,0.0,0.232,0.139,-0.101,0.143,0.744,0.31,-0.0432,0.761,0.555,0.0,0.466,Quantity Surveying,FES,100,1,GS
2.07,1.0,1.0,1.0,1.0,1,0.391,0.221,0.718,0.413,0.849,-0.179,0.186,-0.05,1.0,0.22,-0.15,0.61,1.0,0.076,0.353,Computer Science,FNAS,200,2,GS
2.32,0.759,0.862,0.916,0.842,0,0.554,0.608,0.231,0.371,0.206,0.018,-0.17,-0.351,0.518,0.3,-0.0083,0.467,0.545,0.085,0.31,Cybersecurity,FNAS,100,2,GS
2.01,0.686,0.699,0.757,0.838,2,0.38,0.196,0.276,0.331,0.693,0.103,-0.033,-0.062,0.766,0.22,-0.0272,0.375,0.452,0.077,0.422,History and International Relations,FAMSS,100,2,GS
3.09,1.0,0.771,1.0,0.747,0,0.485,0.219,0.236,0.403,0.551,-0.229,-0.2,0.026,0.905,0.31,-0.0271,0.208,0.86,0.0,0.278,Nursing,FBMS,200,1,GS
2.99,0.661,0.517,0.5,0.601,0,0.546,0.537,0.83,0.0,0.648,0.189,0.289,0.301,0.48,0.19,-0.0747,0.214,0.426,0.0,0.186,Estate Management,FES,400,1,GS
2.37,0.892,0.696,1.0,0.911,0,0.489,0.081,0.347,0.424,0.24,-0.085,0.022,-0.133,0.909,-0.16,-0.0283,0.186,0.683,0.108,0.306,Software Engineering,FNAS,100,2,GS
3.18,0.022,0.0,0.258,0.158,3,0.432,0.403,0.504,0.531,0.114,-0.24,-0.031,0.024,0.029,0.33,0.0667,0.246,0.025,0.0,0.399,Nursing,FBMS,200,2,GS
2.31,0.799,0.905,0.78,0.422,0,0.733,0.295,0.241,0.497,0.923,0.215,-0.047,-0.278,0.709,-0.35,0.0897,0.181,0.746,0.0,0.77,Estate Management,FES,200,1,GS
2.67,0.427,0.542,0.927,0.176,0,0.865,0.278,0.042,0.259,0.619,-0.155,0.035,0.025,0.675,0.1,-0.0436,0.565,0.253,0.0,0.637,Economics,FAMSS,300,1,GS
2.85,0.195,0.444,0.312,0.208,0,0.653,0.176,0.441,0.3,0.0,0.054,0.07,-0.144,0.162,0.11,-0.0226,0.564,0.157,0.0,0.483,Software Engineering,FNAS,200,1,GS
3.33,0.542,0.511,0.351,0.515,0,0.378,0.226,0.486,0.44,0.328,-0.061,0.044,0.119,0.661,0.11,-0.0269,0.551,0.366,0.071,0.358,Mathematics,FNAS,200,2,GS
3.16,0.906,0.732,0.861,0.744,0,0.458,0.0,0.169,0.455,0.734,0.171,0.038,-0.249,0.76,-0.38,-0.125,0.556,0.799,0.0,0.548,Industrial Chemistry,FNAS,300,1,GS
2.49,0.905,0.607,0.741,0.717,1,0.543,0.328,0.602,0.286,0.555,0.011,0.068,0.218,0.817,0.06,0.014,0.704,0.325,0.057,0.281,Health Information Management,FBMS,200,1,GS
1.93,0.6,0.626,0.559,0.352,1,0.452,0.253,0.28,0.43,0.483,0.075,0.103,0.02,0.501,-0.1,0.0485,0.526,0.502,0.0,0.206,Health Information Management,FBMS,100,2,NGS
2.62,0.427,0.5,0.451,0.438,0,0.477,0.104,0.371,0.242,0.816,-0.045,0.207,-0.086,0.57,0.22,-0.086,0.564,0.209,0.028,0.37,Public Health,FBMS,100,2,GS
2.61,0.287,0.451,0.388,0.145,3,0.599,0.082,0.161,0.6,1.0,-0.166,0.034,-0.102,0.223,-0.48,0.0444,0.186,0.143,0.199,0.625,Industrial Chemistry,FNAS,100,2,GS
1.34,0.642,0.832,0.648,0.571,1,0.454,0.428,0.0,0.387,0.982,0.046,0.054,-0.069,0.661,-0.31,0.0668,0.244,0.537,0.086,0.342,Industrial Chemistry,FNAS,100,2,NGS
2.48,0.35,0.614,0.717,0.601,0,0.698,0.442,0.557,0.474,0.83,0.149,0.127,0.094,0.466,-0.28,0.0697,0.49,0.039,0.133,0.396,Software Engineering,FNAS,200,1,GS
3.44,0.686,0.665,0.813,0.475,1,0.62,0.284,0.317,0.834,0.97,-0.058,0.192,-0.098,0.709,-0.36,-0.0791,0.455,0.575,0.087,0.375,Computer Science,FNAS,300,2,GS
3.18,0.843,0.725,1.0,0.722,1,0.791,0.047,0.481,0.384,0.752,0.089,0.007,-0.005,0.797,0.67,0.0635,0.554,0.648,0.009,0.77,Physics and Electronics,FNAS,100,2,GS
2.32,0.536,0.731,0.745,0.704,1,0.479,0.578,0.148,0.038,0.802,0.13,0.161,-0.092,0.643,-0.57,-0.0556,0.458,0.303,0.051,0.125,Accounting,FAMSS,100,2,GS
3.41,0.366,0.673,0.618,0.414,3,0.682,0.467,0.44,0.571,0.309,-0.043,0.18,-0.047,0.557,-0.07,-0.0966,0.164,0.463,0.0,0.278,Public Health,FBMS,200,1,GS
2.29,0.607,0.145,0.578,0.426,1,0.479,0.084,0.37,0.0,0.715,0.042,0.149,0.196,0.296,-0.12,0.0194,0.0,0.054,0.175,0.483,Doctor of Physiotherapy,FBMS,200,1,GS
2.36,0.916,0.558,0.851,0.663,1,0.47,0.183,0.248,0.371,0.722,0.137,0.076,0.083,0.547,-0.21,-0.0081,0.038,0.37,0.064,0.423,Health Information Management,FBMS,100,2,GS
2.17,0.426,0.154,0.311,0.254,3,0.567,0.296,0.141,0.336,0.687,0.132,-0.154,-0.175,0.5,-0.07,0.0269,0.083,0.0,0.008,0.279,Nursing,FBMS,100,2,GS
2.99,0.476,0.298,0.147,0.505,1,0.893,0.031,0.22,0.677,0.42,0.196,0.026,-0.159,0.544,-0.04,0.0023,0.696,0.014,0.011,0.905,Quantity Surveying,FES,200,1,GS
2.85,0.483,0.389,0.539,0.397,1,0.466,0.301,0.098,0.17,0.494,0.07,-0.027,0.021,0.635,-0.29,-0.0455,0.143,0.129,0.051,0.558,Computer Engineering,FNAS,200,1,GS
1.91,0.947,1.0,1.0,0.936,0,0.35,0.03,0.6,0.665,0.892,0.203,-0.031,0.174,0.557,0.16,-0.0283,0.258,0.973,0.124,0.494,Criminology and Security Studies,FAMSS,300,2,GS
0.97,0.285,0.35,0.123,0.008,2,0.421,0.454,0.44,0.0,0.094,0.174,-0.045,0.031,0.418,0.05,0.0094,0.045,0.384,0.073,0.0,Computer Engineering,FNAS,200,1,NGS
2.23,0.409,0.387,0.396,0.351,2,0.534,0.27,0.143,0.218,0.302,0.056,0.026,0.088,0.713,0.38,0.014,0.333,0.0,0.134,0.334,Computer Science,FNAS,100,2,GS
2.96,0.623,0.438,0.823,0.653,0,0.589,0.393,0.614,0.163,0.799,-0.047,0.016,0.271,0.602,0.03,0.0013,0.846,0.023,0.0,0.228,Information Technology,FNAS,200,1,GS
2.62,0.624,0.799,0.65,0.562,0,1.0,0.236,0.519,0.228,0.661,0.316,0.035,-0.025,0.501,0.06,-0.0493,0.421,0.438,0.037,0.623,Estate Management,FES,400,1,GS
2.78,0.811,0.789,0.741,0.684,1,0.373,0.107,0.244,0.203,0.679,-0.182,-0.039,0.118,0.704,0.45,-0.0312,0.568,0.67,0.105,0.357,Computer Engineering,FNAS,100,1,GS
2.31,0.855,0.797,0.837,0.744,0,0.412,0.0,0.337,0.453,0.521,0.03,0.139,0.096,0.5,0.03,-0.0175,0.393,0.541,0.028,0.301,Computer Science,FNAS,100,1,GS
3.17,0.454,0.365,0.582,0.318,4,0.383,0.305,0.0,0.444,0.271,-0.146,-0.055,0.161,0.505,0.38,-0.0254,0.366,0.398,0.0,0.29,Business Administration,FAMSS,400,1,GS
2.9,0.708,0.559,0.615,0.574,0,0.683,0.292,0.628,0.03,0.564,0.018,-0.083,0.052,0.486,-0.48,-0.0592,0.556,0.438,0.0,0.597,Doctor of Physiotherapy,FBMS,400,1,GS
2.58,0.591,0.529,0.588,0.647,1,0.462,0.077,0.315,0.203,0.051,-0.167,-0.106,0.191,0.621,0.36,0.0667,0.263,0.202,0.109,0.323,Information Technology,FNAS,200,2,GS
2.39,0.518,0.487,0.604,0.324,1,0.609,0.022,0.575,0.677,0.333,-0.013,-0.039,-0.159,0.293,-0.12,-0.0402,0.18,0.154,0.095,0.694,Health Information Management,FBMS,100,1,GS
2.71,0.303,0.19,0.395,0.188,4,0.637,0.151,0.267,0.226,0.323,0.153,-0.091,-0.203,0.32,0.42,-0.0108,0.282,0.056,0.085,0.652,Estate Management,FES,300,2,GS
2.4,0.653,0.586,0.753,0.547,3,0.253,0.284,0.296,0.608,0.281,-0.011,-0.039,-0.129,0.647,-0.0,-0.0543,0.308,0.447,0.103,0.337,Accounting,FAMSS,400,2,GS
1.34,0.31,0.119,0.333,0.25,3,0.205,0.005,0.201,0.305,0.54,-0.01,0.079,0.201,0.326,-0.25,-0.0098,0.149,0.0,0.197,0.17,Quantity Surveying,FES,100,1,NGS
3.46,0.53,0.845,0.718,0.685,2,0.64,0.0,0.346,0.488,0.044,0.032,-0.065,-0.013,0.662,0.22,-0.0368,0.287,0.482,0.057,0.538,Economics,FAMSS,400,1,GS
1.98,0.819,0.48,0.862,0.541,1,0.889,0.138,0.446,0.283,0.744,0.11,0.314,-0.036,0.643,0.4,-0.0874,0.634,0.319,0.083,0.747,Quantity Surveying,FES,100,1,GS
2.25,0.47,0.453,0.795,0.428,0,0.509,0.225,0.195,0.205,0.542,-0.154,0.101,0.071,0.357,-0.09,0.0132,0.434,0.231,0.042,0.499,Health Information Management,FBMS,300,1,NGS
2.68,0.715,0.477,0.529,0.618,0,0.466,0.105,0.154,0.206,0.329,0.233,-0.176,0.131,0.294,-0.24,-0.0322,0.959,0.503,0.0,0.429,Architecture,FES,100,2,GS
3.12,0.618,0.818,0.677,0.834,1,0.596,0.212,0.412,0.983,0.169,0.031,0.141,-0.19,0.705,-0.15,-0.0067,0.159,0.541,0.077,0.647,Criminology and Security Studies,FAMSS,300,2,GS
3.15,0.421,0.34,0.552,0.58,0,0.325,0.327,0.296,0.234,0.522,0.1,0.085,0.025,0.592,0.38,0.0432,0.493,0.177,0.0,0.29,Software Engineering,FNAS,200,2,GS
2.47,0.717,0.379,0.613,0.339,0,0.667,0.198,0.357,0.793,0.631,0.174,0.265,-0.067,0.503,-0.19,0.0573,0.747,0.292,0.027,0.34,Nursing,FBMS,400,1,GS
3.37,0.373,0.586,0.743,0.364,2,0.321,0.332,0.0,0.241,0.337,-0.103,-0.134,-0.086,0.463,0.27,0.0575,0.439,0.17,0.0,0.192,Criminology and Security Studies,FAMSS,100,2,GS
3.29,0.507,0.693,0.56,0.339,1,0.78,0.188,0.339,0.858,0.296,0.026,0.093,-0.011,0.739,-0.12,-0.0079,0.706,0.332,0.0,0.552,Health Information Management,FBMS,400,1,GS
2.59,0.473,0.553,0.492,0.585,0,0.217,0.768,0.371,0.35,0.08,0.02,-0.265,-0.066,0.638,-0.13,0.0364,0.0,0.253,0.0,0.14,English and Communication,FAMSS,100,2,GS
1.32,0.449,0.286,0.529,0.455,1,0.568,0.572,0.444,0.43,0.204,0.287,0.366,-0.015,0.615,0.45,-0.0097,0.807,0.104,0.0,0.336,History and International Relations,FAMSS,200,2,GS
1.64,0.265,0.158,0.554,0.403,3,0.353,0.326,0.397,0.144,0.527,-0.257,-0.017,0.039,0.158,-0.46,0.0291,0.352,0.27,0.158,0.243,Software Engineering,FNAS,300,2,NGS
2.64,0.407,0.431,0.531,0.461,0,0.502,0.0,0.057,0.114,0.331,-0.115,0.144,0.154,0.47,-0.04,0.0252,0.424,0.292,0.0,0.267,Architecture,FES,100,1,GS
2.45,0.677,0.686,0.858,0.763,1,0.732,0.099,0.471,0.524,0.483,0.125,-0.061,0.06,0.573,-0.1,0.0593,0.517,0.522,0.041,0.601,Industrial Chemistry,FNAS,200,1,GS
1.79,0.565,0.386,0.593,0.484,0,0.576,0.317,0.29,0.349,0.776,-0.285,-0.04,0.095,0.571,0.23,0.0321,0.764,0.158,0.029,0.378,Health Information Management,FBMS,200,1,GS
2.52,0.796,0.655,0.894,0.876,1,0.774,0.263,0.434,0.5,0.689,0.073,0.131,-0.016,0.801,0.03,-0.0563,0.335,0.586,0.034,0.422,Cybersecurity,FNAS,300,1,GS
3.5,0.69,0.766,0.79,0.632,1,0.516,0.532,0.524,0.347,0.104,-0.313,-0.169,0.049,0.292,0.13,-0.0081,0.182,0.445,0.0,0.177,Physics and Electronics,FNAS,100,2,GS
2.78,0.521,0.633,0.367,0.619,1,0.43,0.14,0.211,0.028,0.87,-0.036,0.048,0.099,0.376,-0.56,-0.0334,0.734,0.234,0.131,0.641,Architecture,FES,100,2,GS
2.64,0.704,0.54,0.457,0.526,0,0.551,0.369,0.509,0.482,0.202,0.147,0.17,0.193,0.575,0.33,-0.0566,0.469,0.262,0.0,0.419,Computer Science,FNAS,300,2,GS
2.24,0.72,0.756,0.643,0.662,0,0.451,0.292,0.259,0.116,0.411,-0.24,-0.01,-0.024,0.704,-0.19,0.0439,0.208,0.519,0.0,0.053,Software Engineering,FNAS,400,1,NGS
2.7,0.855,0.662,0.95,0.693,0,0.656,0.15,0.071,0.594,0.833,-0.023,-0.169,0.176,0.802,0.31,-0.0173,0.149,0.549,0.0,0.669,Biochemistry,FNAS,200,2,GS
2.57,0.832,0.645,0.845,0.76,0,0.591,0.34,0.552,0.468,0.954,-0.2,-0.103,0.112,0.414,-0.17,-0.0588,0.177,0.551,0.07,0.368,Software Engineering,FNAS,400,1,GS
2.88,0.518,0.253,0.453,0.207,1,0.96,0.137,0.67,0.276,0.471,0.393,0.087,-0.205,0.207,0.13,-0.0918,0.786,0.136,0.091,0.694,Quantity Surveying,FES,200,2,GS
4.07,0.59,0.591,0.596,0.614,1,0.828,0.047,0.417,0.129,0.348,0.048,0.165,0.287,0.786,-0.23,-0.031,0.153,0.37,0.0,0.762,Computer Science,FNAS,300,1,GS
2.78,0.563,0.758,0.746,0.632,0,0.578,0.414,0.597,0.404,0.366,-0.158,0.179,0.288,0.688,0.1,-0.0074,0.646,0.574,0.0,0.146,Doctor of Physiotherapy,FBMS,300,1,GS
0.9,0.393,0.258,0.32,0.074,4,0.327,0.24,0.225,0.368,0.272,0.033,-0.029,-0.16,0.184,-0.36,0.0916,0.218,0.041,0.357,0.304,Public Health,FBMS,200,1,NGS
2.43,0.243,0.144,0.262,0.185,9,0.574,0.03,0.211,0.409,0.64,-0.038,0.158,0.0,0.245,0.1,0.0036,0.782,0.0,0.311,0.518,Information Technology,FNAS,100,2,GS
3.15,0.789,0.696,0.692,0.689,0,0.492,0.119,0.583,0.116,0.589,0.165,0.118,0.134,0.729,0.23,0.04,0.522,0.675,0.0,0.501,Computer Engineering,FNAS,200,2,GS
2.86,0.652,0.495,0.738,0.407,0,0.603,0.261,0.284,0.0,0.383,-0.133,0.155,-0.064,0.762,0.31,-0.0694,0.708,0.25,0.016,0.58,History and International Relations,FAMSS,200,1,GS
2.64,0.322,0.449,0.242,0.209,2,0.602,0.436,0.395,0.225,0.547,-0.119,0.022,0.151,0.176,0.33,0.0688,0.368,0.312,0.066,0.287,Health Information Management,FBMS,200,1,GS
1.52,0.51,0.453,0.624,0.417,2,0.132,0.68,0.0,0.394,0.64,-0.129,-0.038,-0.092,0.525,-0.04,0.0269,0.467,0.196,0.047,0.0,History and International Relations,FAMSS,100,1,NGS
3.8,0.543,0.617,0.503,0.445,1,0.345,0.671,0.463,0.25,0.56,0.04,0.088,0.096,0.214,0.33,0.066,0.683,0.354,0.105,0.349,Quantity Surveying,FES,400,2,GS
3.2,0.842,0.48,0.805,0.505,1,0.752,0.498,0.901,0.634,0.447,0.341,0.275,-0.152,0.386,0.77,-0.0508,0.171,0.412,0.046,0.355,Economics,FAMSS,100,2,GS
2.61,0.511,0.697,0.823,0.577,2,0.477,0.498,0.761,0.157,0.401,0.064,-0.086,-0.047,0.54,-0.12,0.0109,0.351,0.458,0.172,0.287,Mathematics,FNAS,400,2,GS
2.67,0.629,0.538,0.629,0.451,2,0.452,0.094,0.704,0.395,0.567,0.334,0.072,-0.184,0.38,0.17,-0.0014,0.511,0.207,0.12,0.459,Health Information Management,FBMS,300,2,GS
2.85,0.822,0.626,0.586,0.574,0,0.519,0.108,0.566,0.845,0.706,0.132,-0.025,-0.11,0.731,-0.02,-0.0302,0.467,0.521,0.0,0.509,Computer Engineering,FNAS,200,2,GS
0.87,0.309,0.459,0.411,0.56,2,0.491,0.413,0.438,0.129,0.0,-0.294,0.154,-0.175,0.131,-0.26,-0.0637,0.353,0.138,0.28,0.52,Software Engineering,FNAS,200,1,NGS
3.12,0.033,0.181,0.233,0.194,3,0.395,0.773,0.121,0.263,0.523,-0.351,-0.431,-0.335,0.324,0.14,0.0182,0.133,0.082,0.038,0.086,Industrial Chemistry,FNAS,100,2,NGS
2.58,0.709,0.341,0.2,0.352,0,0.697,0.405,0.473,0.36,0.797,0.05,-0.046,-0.292,0.358,0.16,0.0173,0.391,0.12,0.0,0.4,Economics,FAMSS,100,1,GS
3.55,0.764,0.564,0.646,0.383,0,0.707,0.271,0.382,0.619,0.626,-0.146,0.089,0.126,0.398,-0.01,-0.0768,0.328,0.345,0.024,0.514,Estate Management,FES,100,2,GS
4.36,0.728,0.485,0.814,0.687,0,0.7,0.0,0.194,0.299,0.733,0.141,0.193,-0.079,0.716,0.52,-0.0882,0.495,0.474,0.058,0.747,Quantity Surveying,FES,200,1,GS
2.57,0.738,0.466,0.735,0.46,0,0.374,0.076,0.144,0.476,0.226,0.37,0.142,-0.118,0.536,0.13,-0.15,0.643,0.296,0.0,0.515,Physics and Electronics,FNAS,200,1,GS
2.6,0.671,0.467,0.881,0.829,2,0.337,0.151,0.517,0.48,0.657,0.197,-0.184,-0.15,0.729,-0.14,-0.108,0.45,0.348,0.019,0.265,History and International Relations,FAMSS,200,1,GS
2.34,0.645,0.731,0.665,0.319,0,0.62,0.371,0.303,0.308,0.792,0.334,-0.08,-0.002,0.682,0.35,-0.0141,0.383,0.521,0.0,0.578,Industrial Chemistry,FNAS,200,2,GS
3.2,0.407,0.265,0.465,0.393,0,0.371,0.103,0.833,0.278,0.309,0.057,0.118,0.228,0.444,0.27,-0.0044,0.0,0.156,0.0,0.37,Architecture,FES,200,2,GS
2.0,0.403,0.538,0.512,0.336,2,0.644,0.654,0.36,0.127,0.213,-0.015,0.058,-0.021,0.112,0.38,0.0759,0.337,0.103,0.156,0.383,Cybersecurity,FNAS,200,2,GS
2.45,0.663,0.509,0.65,0.57,0,0.596,0.152,0.139,0.349,0.768,0.085,0.225,0.206,0.686,0.09,-0.0335,0.829,0.307,0.0,0.349,Biochemistry,FNAS,300,1,GS
3.09,0.695,0.616,0.582,0.806,0,0.489,0.291,0.299,0.46,0.332,0.095,0.132,0.163,0.537,0.43,-0.0487,0.211,0.236,0.045,0.387,Nursing,FBMS,200,1,GS
3.26,0.629,0.822,0.681,0.481,1,0.757,0.16,0.441,0.624,0.474,0.126,0.014,0.22,0.689,0.04,0.0081,0.147,0.444,0.0,0.683,Quantity Surveying,FES,100,2,GS
2.99,0.509,0.644,0.464,0.254,2,0.368,0.399,0.495,0.0,0.451,0.039,0.035,0.07,0.37,-0.18,-0.0575,0.083,0.266,0.0,0.235,Accounting,FAMSS,200,2,GS
2.58,0.313,0.715,0.684,0.281,1,0.608,0.104,0.562,0.514,0.559,0.044,0.395,0.015,0.398,0.36,0.0215,0.583,0.166,0.095,0.497,Information Technology,FNAS,100,1,GS
3.62,0.808,0.688,0.837,0.779,1,0.67,0.175,0.751,0.193,0.894,0.17,0.292,-0.213,0.754,0.07,-0.0539,0.739,0.66,0.045,0.555,Software Engineering,FNAS,100,1,GS
3.15,0.497,0.421,0.571,0.491,1,0.684,0.199,0.325,0.37,0.736,0.185,0.274,-0.341,0.385,0.07,0.0189,1.0,0.314,0.007,0.555,Economics,FAMSS,400,1,GS
1.91,0.537,0.606,0.568,0.469,2,0.202,0.332,0.671,0.288,0.675,-0.213,0.078,0.085,0.388,0.34,0.0172,0.384,0.398,0.181,0.0,Cybersecurity,FNAS,100,2,GS
3.52,0.634,0.582,0.73,0.583,2,0.434,0.03,0.298,0.66,0.106,0.057,0.111,0.059,0.774,0.18,0.0661,0.109,0.284,0.0,0.361,Business Administration,FAMSS,200,2,GS
3.34,0.512,0.667,0.462,0.222,1,0.708,0.181,0.588,0.241,0.236,0.01,-0.101,0.054,0.467,0.35,-0.0597,0.101,0.228,0.0,0.55,Nursing,FBMS,500,1,GS
3.9,0.827,0.667,0.907,0.753,0,0.58,0.077,0.32,0.292,0.341,0.129,0.139,-0.01,0.595,-0.18,-0.0541,0.808,0.565,0.0,0.569,Software Engineering,FNAS,200,2,GS
1.57,0.614,0.232,0.362,0.348,2,0.218,0.582,0.462,0.416,0.586,0.061,0.031,-0.175,0.1,-0.23,0.0452,0.328,0.157,0.058,0.134,History and International Relations,FAMSS,200,2,NGS
3.25,0.53,0.678,0.702,0.589,0,0.363,0.177,0.457,0.391,0.263,0.106,-0.028,-0.03,0.597,-0.43,0.0482,0.268,0.357,0.035,0.579,Computer Engineering,FNAS,100,2,GS
1.77,0.435,0.459,0.265,0.333,4,0.274,0.405,0.26,0.177,0.328,-0.249,-0.5,-0.163,0.238,0.07,0.0913,0.057,0.217,0.274,0.086,Mathematics,FNAS,100,2,NGS
3.28,0.528,0.546,0.633,0.6,1,0.881,0.0,0.516,0.608,0.511,0.332,0.468,0.219,0.737,-0.27,-0.0232,0.731,0.361,0.0,0.733,Architecture,FES,300,1,GS
3.98,0.245,0.526,0.779,0.453,0,0.525,0.06,0.0,0.143,0.502,-0.118,0.229,0.184,0.371,0.23,0.0555,0.611,0.0,0.04,0.323,Biochemistry,FNAS,300,2,GS
2.49,0.886,0.971,0.933,0.709,0,0.545,0.327,0.363,0.338,0.7,0.276,0.041,-0.1,0.761,0.52,-0.0706,0.372,0.825,0.015,0.415,Cybersecurity,FNAS,100,2,GS
2.64,0.956,0.926,0.89,0.749,0,0.461,0.0,0.472,0.481,0.937,-0.051,0.112,-0.036,1.0,0.2,-0.0436,0.488,0.787,0.0,0.551,Software Engineering,FNAS,200,1,GS
1.71,0.589,0.494,0.289,0.591,1,0.408,0.393,0.559,0.304,0.512,0.021,0.009,0.121,0.654,0.42,-0.0691,0.811,0.321,0.0,0.324,English and Communication,FAMSS,200,1,GS
2.08,0.613,0.659,0.88,0.96,0,0.71,0.286,0.382,0.434,0.182,0.26,0.069,0.207,0.933,0.3,-0.0758,0.68,0.441,0.096,0.464,Computer Engineering,FNAS,200,2,GS
3.06,0.426,0.594,0.447,0.428,1,0.741,0.297,0.186,0.337,0.611,-0.077,0.212,0.16,0.153,-0.07,-0.0526,0.473,0.348,0.032,0.56,Quantity Surveying,FES,100,1,GS
1.76,0.564,0.551,0.51,0.537,1,0.581,0.143,0.867,0.182,0.332,0.039,0.099,0.205,0.467,-0.03,0.0165,0.451,0.19,0.075,0.349,Quantity Surveying,FES,300,1,GS
3.26,0.672,0.796,0.856,0.901,0,0.366,0.0,0.473,0.2,0.551,0.126,0.305,0.054,0.697,0.32,-0.0381,0.23,0.525,0.066,0.288,Health Information Management,FBMS,100,1,GS
4.58,0.56,0.458,0.499,0.481,2,0.833,0.03,0.353,0.688,0.54,0.042,0.302,-0.005,0.597,-0.2,-0.0162,0.395,0.446,0.0,0.694,Biochemistry,FNAS,100,2,GS
2.55,0.363,0.196,0.473,0.462,6,0.366,0.286,0.343,0.316,0.704,-0.151,0.178,-0.162,0.5,0.74,-0.0416,0.288,0.207,0.221,0.0,English and Communication,FAMSS,100,2,GS
2.79,0.431,0.475,0.429,0.312,0,0.467,0.496,0.124,0.107,0.098,-0.015,-0.066,-0.025,0.631,-0.22,-0.0098,0.362,0.229,0.0,0.317,Software Engineering,FNAS,200,2,GS
1.85,0.355,0.786,0.597,0.337,1,0.128,0.288,0.449,0.09,0.093,0.207,0.071,0.024,0.617,0.15,0.0215,0.227,0.258,0.101,0.214,Economics,FAMSS,100,1,GS
1.49,0.189,0.337,0.309,0.095,6,0.094,0.632,0.049,0.263,0.554,-0.044,-0.109,-0.5,0.266,-0.3,0.0306,0.042,0.015,0.398,0.0,Computer Science,FNAS,100,1,NGS
2.86,0.537,0.367,0.565,0.262,1,0.877,0.342,0.0,0.679,0.77,0.1,-0.107,-0.204,0.554,0.17,-0.0499,0.0,0.409,0.0,0.664,Cybersecurity,FNAS,100,1,GS
2.81,0.689,0.574,0.557,0.374,0,0.496,0.174,0.183,0.634,0.155,0.0,-0.136,-0.113,0.557,0.33,-0.0141,0.057,0.408,0.0,0.336,Accounting,FAMSS,200,1,GS
2.68,0.499,0.332,0.441,0.397,1,0.44,0.197,0.0,0.0,0.352,0.006,0.129,-0.23,0.126,0.43,0.0054,0.3,0.0,0.0,0.34,Quantity Surveying,FES,400,2,GS
2.04,0.613,0.753,0.67,0.453,2,0.115,0.17,0.402,0.117,0.433,0.035,-0.088,0.02,0.935,0.04,-0.0196,0.019,0.571,0.151,0.21,Nursing,FBMS,200,1,GS
1.55,0.73,0.717,0.681,0.64,1,0.96,0.292,0.594,0.602,0.438,-0.021,-0.016,0.234,0.733,0.54,-0.0125,0.651,0.744,0.059,0.755,Architecture,FES,300,2,GS
2.89,0.624,0.698,0.554,0.453,0,0.669,0.241,0.667,0.448,0.574,-0.257,-0.166,-0.019,0.648,-0.0,-0.0468,0.328,0.491,0.0,0.413,Architecture,FES,300,1,GS
3.29,0.471,0.296,0.507,0.286,2,0.705,0.115,0.642,0.279,0.82,0.245,0.246,-0.042,0.619,0.29,-0.055,0.668,0.141,0.094,0.643,Information Technology,FNAS,300,1,GS
2.24,0.393,0.486,0.32,0.287,0,0.379,0.046,0.0,0.253,0.27,-0.045,-0.031,0.074,0.375,-0.5,-0.0148,0.0,0.158,0.052,0.396,Health Information Management,FBMS,400,2,GS
3.05,0.572,0.667,0.743,0.471,1,0.524,0.789,0.568,0.627,0.549,-0.014,0.071,-0.149,0.682,0.17,-0.0038,0.756,0.325,0.026,0.168,Accounting,FAMSS,100,1,GS
2.53,0.144,0.093,0.169,0.124,6,0.416,0.412,0.234,0.283,0.558,-0.073,0.057,-0.103,0.252,0.17,0.1195,0.24,0.1,0.223,0.159,Architecture,FES,300,1,GS
1.36,0.527,0.65,0.759,0.361,1,0.419,0.502,0.373,1.0,0.807,-0.08,-0.058,0.013,0.796,-0.09,-0.0251,0.484,0.323,0.11,0.159,Mathematics,FNAS,100,2,GS
2.71,0.138,0.415,0.416,0.219,7,0.579,0.535,0.556,0.208,0.401,-0.097,-0.05,0.052,0.34,0.13,-0.0971,0.328,0.12,0.231,0.19,Economics,FAMSS,100,2,GS
2.73,0.351,0.471,0.322,0.139,1,0.379,0.233,0.046,0.32,0.395,-0.057,0.052,0.151,0.298,-0.38,0.0119,0.416,0.234,0.032,0.235,Accounting,FAMSS,300,1,GS
2.14,0.826,0.609,0.798,0.616,0,0.47,0.341,0.375,0.378,1.0,0.188,-0.332,-0.084,0.71,0.13,0.0972,0.178,0.486,0.0,0.027,Nursing,FBMS,300,2,GS
2.87,0.602,0.623,0.787,0.586,2,0.577,0.103,0.61,0.217,0.631,0.037,0.05,0.125,0.577,-0.34,-0.1074,0.363,0.395,0.0,0.48,Economics,FAMSS,100,2,GS
3.37,0.716,0.836,0.655,1.0,0,0.833,0.139,0.341,0.49,0.651,-0.011,0.131,0.031,0.575,0.21,0.0176,0.354,0.585,0.052,0.79,Economics,FAMSS,100,2,GS
2.65,0.202,0.534,0.416,0.179,3,0.736,0.124,0.227,0.188,0.651,-0.022,-0.032,0.015,0.519,0.34,-0.0096,0.713,0.015,0.195,0.757,Estate Management,FES,100,2,GS
2.82,0.369,0.606,0.449,0.6,1,0.606,0.031,0.0,0.39,0.301,-0.22,-0.259,0.026,0.306,-0.27,-0.0015,0.623,0.166,0.126,0.705,Quantity Surveying,FES,300,1,GS
2.23,0.347,0.605,0.415,0.296,1,0.727,0.175,0.262,0.0,0.661,-0.082,-0.156,-0.113,0.593,-0.11,0.013,0.421,0.184,0.015,0.83,Criminology and Security Studies,FAMSS,100,2,GS
2.91,0.655,0.678,0.512,0.714,3,0.433,0.084,0.436,0.28,0.636,0.177,0.081,-0.019,0.659,-0.01,-0.0128,0.639,0.401,0.0,0.493,Economics,FAMSS,100,2,GS
3.62,0.53,0.824,0.713,0.57,0,0.667,0.297,0.195,0.608,0.3,0.255,-0.024,0.101,0.868,0.01,-0.0344,0.349,0.398,0.056,0.332,Doctor of Physiotherapy,FBMS,300,1,GS
3.99,0.446,0.627,0.546,0.442,1,0.671,0.03,0.449,0.369,0.597,0.06,0.005,0.073,0.309,0.33,-0.0553,0.105,0.362,0.0,0.617,Physics and Electronics,FNAS,100,2,GS
3.38,0.641,0.566,0.975,0.785,0,0.388,0.289,0.031,0.37,0.574,-0.077,0.074,0.063,0.774,0.0,0.0178,0.595,0.414,0.038,0.325,Accounting,FAMSS,100,2,GS
2.96,0.564,0.869,0.784,0.737,1,0.776,0.304,0.485,0.184,0.431,0.344,-0.051,0.22,0.582,-0.04,0.0748,0.013,0.506,0.137,0.397,Physics and Electronics,FNAS,100,2,GS
2.53,0.575,0.634,0.696,0.437,1,0.456,0.141,0.015,0.483,0.466,-0.011,-0.137,-0.083,0.626,0.03,-0.0263,0.85,0.282,0.107,0.377,Public Health,FBMS,100,1,GS
2.55,0.456,0.313,0.413,0.625,1,0.483,0.081,0.393,0.351,1.0,0.299,-0.024,0.134,0.483,-0.63,-0.0474,0.57,0.257,0.0,0.436,Architecture,FES,200,1,GS
3.83,0.41,0.246,0.42,0.446,1,0.512,0.428,0.688,0.221,0.712,0.157,-0.237,-0.081,0.37,0.23,-0.0662,0.001,0.199,0.0,0.164,Industrial Chemistry,FNAS,100,2,GS
1.09,0.227,0.511,0.195,0.225,5,0.377,0.403,0.359,0.448,0.443,-0.134,-0.434,-0.156,0.26,0.16,0.0794,0.009,0.286,0.388,0.27,Public Health,FBMS,100,1,NGS
2.44,0.65,0.383,0.833,0.535,2,0.917,0.095,0.356,0.157,0.444,-0.231,0.217,-0.082,0.487,0.1,-0.0249,0.406,0.159,0.053,0.847,Physics and Electronics,FNAS,200,1,GS
4.43,0.885,0.645,1.0,0.686,0,0.872,0.212,0.39,0.678,0.566,0.3,0.23,0.106,0.798,0.22,0.038,0.819,0.636,0.0,0.717,Architecture,FES,200,1,GS
2.41,0.748,0.46,0.594,0.267,0,0.658,0.117,0.262,0.546,0.296,-0.03,-0.025,0.014,0.251,0.5,-0.0266,0.92,0.448,0.098,0.418,Business Administration,FAMSS,400,2,GS
3.26,0.71,0.428,0.731,0.624,1,0.639,0.188,0.507,0.238,0.821,0.056,0.004,0.25,0.453,0.71,0.0484,0.515,0.32,0.0,0.326,Quantity Surveying,FES,300,1,GS
2.31,0.76,0.603,1.0,0.641,0,0.769,0.0,0.821,0.588,0.338,0.379,0.215,0.283,0.526,-0.17,-0.0637,0.325,0.455,0.0,0.733,Industrial Chemistry,FNAS,200,1,GS
2.22,0.741,0.734,0.602,0.709,0,0.596,0.223,0.224,0.527,0.734,0.374,0.162,-0.151,0.661,0.28,0.0568,0.247,0.602,0.0,0.506,Cybersecurity,FNAS,200,1,GS
2.17,0.885,0.985,0.887,0.841,0,0.837,0.235,0.258,0.804,0.506,0.319,0.01,0.155,1.0,0.05,0.044,0.375,0.844,0.022,0.727,Doctor of Physiotherapy,FBMS,300,2,GS
3.57,0.932,0.506,0.621,0.5,0,0.911,0.077,0.739,0.377,0.679,0.142,0.073,0.185,0.442,1.12,-0.0225,0.697,0.522,0.095,0.881,Physics and Electronics,FNAS,200,2,GS
2.98,0.408,0.041,0.512,0.206,2,0.533,0.094,0.0,0.282,0.506,0.196,0.04,0.023,0.324,-0.37,0.0104,0.062,0.154,0.008,0.63,Business Administration,FAMSS,100,1,GS
1.52,0.688,0.285,0.608,0.736,1,0.404,0.03,0.553,0.714,0.478,0.01,0.144,-0.25,0.695,0.02,-0.109,0.604,0.282,0.0,0.425,English and Communication,FAMSS,100,2,GS
3.16,0.753,0.779,0.748,0.64,0,0.916,0.224,0.247,0.228,0.528,0.051,0.149,-0.107,0.528,0.45,-0.0354,0.131,0.4,0.067,0.761,History and International Relations,FAMSS,200,1,GS
2.82,0.981,1.0,1.0,0.924,0,0.733,0.0,0.265,0.482,0.561,0.105,0.272,0.023,0.934,0.04,-0.1114,0.568,1.0,0.0,0.717,Doctor of Physiotherapy,FBMS,200,1,GS
2.95,0.771,0.322,0.648,0.789,1,0.642,0.0,0.864,0.339,0.533,-0.033,0.121,0.095,0.697,0.31,-0.073,0.974,0.385,0.0,0.512,Software Engineering,FNAS,100,1,GS
2.88,1.0,0.571,1.0,0.951,2,0.632,0.322,0.989,0.702,0.675,0.086,-0.005,-0.024,0.953,-0.02,0.0239,0.478,0.62,0.075,0.421,Biochemistry,FNAS,200,2,GS
3.55,0.786,0.93,0.748,1.0,0,0.957,0.0,0.362,0.522,0.852,0.02,0.095,-0.136,0.738,0.36,-0.0187,0.799,0.837,0.0,1.0,Criminology and Security Studies,FAMSS,100,1,GS
2.35,0.807,0.42,0.702,0.544,0,0.446,0.106,0.209,0.209,0.383,0.087,-0.067,0.02,0.85,0.53,-0.0385,0.357,0.21,0.0,0.508,English and Communication,FAMSS,200,1,GS
2.61,0.589,0.641,0.678,0.618,0,0.664,0.03,0.659,0.588,0.236,0.081,0.421,-0.07,0.315,0.53,0.0496,0.358,0.498,0.096,0.579,Biochemistry,FNAS,200,2,GS
3.46,0.422,0.314,0.586,0.234,4,0.214,0.239,0.044,0.0,0.049,-0.037,0.107,-0.134,0.555,-0.21,0.0842,0.0,0.185,0.0,0.0,Business Administration,FAMSS,100,2,GS
1.42,0.234,0.098,0.285,0.469,1,0.302,0.338,0.044,0.334,0.094,-0.042,-0.218,-0.047,0.232,-0.39,0.0442,0.227,0.046,0.041,0.244,Quantity Surveying,FES,100,1,NGS
2.25,0.596,0.344,0.517,0.545,1,0.936,0.0,0.183,0.621,0.332,0.081,-0.099,0.066,0.433,0.65,-0.0635,0.59,0.218,0.059,0.871,Doctor of Physiotherapy,FBMS,400,1,GS
3.97,0.381,0.292,0.487,0.28,1,0.5,0.371,0.243,0.428,0.797,-0.056,0.202,-0.082,0.288,-0.57,-0.0942,0.154,0.157,0.011,0.287,Economics,FAMSS,200,1,GS
3.44,0.456,0.246,0.676,0.674,2,0.744,0.159,0.131,0.57,0.5,0.074,-0.036,0.123,0.62,0.78,-0.0101,0.933,0.087,0.0,0.558,Economics,FAMSS,200,1,GS
2.99,0.352,0.526,0.437,0.324,3,0.639,0.133,0.184,0.311,0.373,0.3,0.01,-0.187,0.538,0.08,-0.1131,0.278,0.114,0.057,0.441,Nursing,FBMS,300,1,GS
2.63,0.666,0.82,0.626,0.564,0,0.639,0.349,0.815,0.476,0.53,-0.153,-0.073,0.36,0.319,0.1,0.0035,0.582,0.448,0.082,0.397,Business Administration,FAMSS,400,2,GS
2.93,0.743,0.234,0.669,0.46,3,0.702,0.039,0.391,0.225,0.825,0.099,-0.023,-0.04,0.671,-0.1,-0.0857,0.149,0.18,0.061,0.96,Accounting,FAMSS,300,2,GS
2.89,0.556,0.646,0.516,0.61,1,0.0,0.058,0.315,0.541,0.144,0.278,0.116,0.04,0.435,0.24,-0.001,0.698,0.667,0.103,0.0,Cybersecurity,FNAS,100,2,GS
2.63,0.47,0.101,0.353,0.165,3,0.744,0.352,0.394,0.411,0.715,0.195,-0.164,-0.132,0.067,0.3,0.0725,0.499,0.0,0.104,0.358,Criminology and Security Studies,FAMSS,200,1,GS
2.51,0.227,0.347,0.039,0.119,2,0.414,0.484,0.065,0.001,0.266,-0.135,-0.256,0.123,0.286,-0.01,-0.026,0.374,0.036,0.199,0.201,Biochemistry,FNAS,100,2,GS
2.9,1.0,0.817,0.929,0.777,0,0.607,0.217,0.462,0.289,0.609,-0.112,0.125,0.073,0.665,-0.31,0.0034,0.765,0.832,0.0,0.596,Industrial Chemistry,FNAS,200,1,GS
3.15,0.907,0.595,0.977,0.744,0,0.661,0.157,0.661,0.605,0.039,-0.076,0.038,-0.067,0.656,-0.02,0.0948,0.633,0.515,0.0,0.489,Public Health,FBMS,200,1,GS
1.9,0.371,0.515,0.484,0.186,1,0.175,0.365,0.024,0.349,0.376,-0.224,-0.143,-0.041,0.463,-0.19,0.0313,0.501,0.081,0.132,0.141,Public Health,FBMS,100,2,NGS
2.44,0.5,0.336,0.408,0.206,2,0.424,0.368,0.01,0.128,0.541,0.104,0.016,-0.167,0.407,0.16,-0.0452,0.295,0.191,0.031,0.377,History and International Relations,FAMSS,300,1,GS
1.89,0.615,0.377,0.476,0.703,0,0.262,0.214,0.255,0.394,0.632,0.415,0.132,0.093,0.819,0.38,-0.0696,0.711,0.225,0.111,0.256,Criminology and Security Studies,FAMSS,300,2,GS
2.41,0.44,0.427,0.491,0.562,1,0.489,0.358,0.189,0.55,0.37,0.098,-0.025,-0.134,0.673,0.33,0.0288,0.024,0.213,0.0,0.465,Software Engineering,FNAS,100,2,GS
2.83,0.553,0.795,0.553,0.596,1,0.559,0.0,0.152,0.745,0.751,0.256,-0.058,0.378,0.846,0.23,-0.0506,0.413,0.542,0.06,0.555,Cybersecurity,FNAS,300,1,GS
2.67,0.282,0.275,0.333,0.264,3,0.512,0.244,0.0,0.132,0.504,-0.027,0.138,-0.094,0.307,0.3,-0.0155,0.207,0.092,0.003,0.683,Doctor of Physiotherapy,FBMS,200,2,GS
2.13,0.717,0.395,0.668,0.295,1,0.851,0.338,0.192,0.396,0.518,0.17,0.133,0.178,0.789,0.22,0.034,0.261,0.249,0.099,0.54,Computer Science,FNAS,100,1,GS
2.96,0.603,0.462,0.58,0.565,0,0.247,0.163,0.177,0.483,0.52,0.026,-0.383,-0.1,0.381,-0.21,0.0105,0.109,0.237,0.0,0.067,Doctor of Physiotherapy,FBMS,200,1,GS
2.62,0.439,0.639,0.467,0.529,0,0.372,0.2,0.076,0.149,0.629,-0.132,-0.023,0.057,0.568,0.28,0.0322,0.0,0.258,0.0,0.144,Computer Engineering,FNAS,100,1,GS
2.03,0.797,0.694,0.696,0.387,0,0.436,0.126,0.33,0.37,0.601,0.121,-0.003,-0.148,0.801,0.34,-0.0156,0.4,0.443,0.0,0.254,Biochemistry,FNAS,200,1,GS
2.59,0.457,0.739,0.782,0.44,0,0.631,0.435,0.327,0.239,0.361,-0.231,-0.238,-0.167,0.362,0.02,0.0351,0.354,0.384,0.0,0.427,Computer Engineering,FNAS,100,1,GS
2.95,0.712,0.43,0.786,0.456,0,0.513,0.235,0.577,0.342,0.879,0.273,0.111,-0.143,0.763,-0.22,0.0262,0.425,0.241,0.013,0.4,Information Technology,FNAS,100,2,GS
2.19,1.0,1.0,1.0,0.974,0,0.582,0.274,0.442,0.139,0.836,0.301,0.127,-0.071,0.8,-0.09,-0.0231,0.032,1.0,0.034,0.538,Biochemistry,FNAS,200,2,GS
1.35,0.26,0.488,0.453,0.308,4,0.535,0.592,0.453,0.051,0.082,-0.264,-0.17,-0.419,0.095,-0.52,0.0178,0.496,0.246,0.237,0.444,Economics,FAMSS,300,1,NGS
2.09,0.5,0.645,0.586,0.434,0,0.513,0.317,0.0,0.0,0.11,0.031,-0.079,-0.09,0.38,-0.23,0.0986,0.04,0.141,0.003,0.434,Health Information Management,FBMS,100,2,GS
3.47,1.0,1.0,1.0,0.953,0,0.804,0.121,0.436,0.48,0.537,0.193,-0.063,0.086,0.979,0.4,-0.0439,0.825,0.907,0.0,0.692,Public Health,FBMS,100,2,GS
2.67,0.721,0.424,0.762,0.718,1,0.275,0.474,0.301,0.043,0.243,-0.133,0.117,0.154,0.488,0.18,0.0238,0.3,0.466,0.09,0.107,Economics,FAMSS,100,2,GS
2.82,0.671,0.571,0.824,0.359,0,0.383,0.216,0.274,0.554,0.727,0.041,0.098,0.214,0.94,0.31,-0.0255,0.661,0.304,0.0,0.248,Health Information Management,FBMS,400,2,GS
2.74,0.682,0.546,1.0,0.631,0,0.685,0.033,0.71,0.256,0.695,0.088,0.309,-0.146,0.449,0.03,-0.0033,0.234,0.275,0.0,0.625,Industrial Chemistry,FNAS,100,1,GS
2.58,0.519,0.533,0.695,0.601,0,0.589,0.053,0.097,0.712,0.336,0.083,0.092,0.094,0.383,-0.09,0.0049,0.861,0.239,0.0,0.566,Computer Science,FNAS,300,1,GS
2.46,0.741,0.481,0.436,0.316,2,0.453,0.322,0.398,0.542,0.815,-0.25,-0.013,-0.136,0.328,0.59,0.0201,0.591,0.344,0.108,0.096,Computer Science,FNAS,100,1,GS
3.96,0.933,0.641,0.797,1.0,2,0.447,0.03,0.632,0.42,0.425,0.2,0.033,0.355,0.878,0.3,-0.0395,0.726,0.542,0.023,0.21,Architecture,FES,100,2,GS
3.07,0.567,0.432,0.417,0.498,0,0.554,0.21,0.682,0.651,0.331,0.119,0.212,0.089,0.679,0.08,0.0085,0.523,0.283,0.113,0.323,Public Health,FBMS,100,1,GS
2.82,0.705,0.583,0.856,0.581,0,0.595,0.294,0.354,0.445,0.327,0.091,-0.052,-0.115,0.492,-0.04,-0.0629,0.484,0.332,0.0,0.459,Industrial Chemistry,FNAS,200,2,GS
2.22,0.413,0.761,0.588,0.404,0,0.509,0.519,0.174,0.292,0.455,0.074,-0.022,-0.06,0.45,0.1,-0.0052,0.422,0.347,0.0,0.144,Biochemistry,FNAS,300,2,GS
2.76,0.207,0.054,0.15,0.217,1,0.714,0.03,0.326,1.0,0.421,0.122,-0.317,-0.022,0.267,-0.27,-0.0272,0.245,0.001,0.015,0.979,Software Engineering,FNAS,300,2,GS
3.35,0.596,0.576,0.296,0.353,2,0.496,0.153,0.15,0.501,0.7,0.226,0.078,0.081,0.478,0.17,0.0144,0.298,0.364,0.025,0.281,Business Administration,FAMSS,100,1,GS
2.35,0.615,0.615,0.531,0.567,2,0.391,0.415,0.24,0.424,0.222,-0.055,-0.16,0.089,0.379,-0.22,0.0218,0.183,0.299,0.064,0.354,Software Engineering,FNAS,200,2,GS
2.49,0.03,0.0,0.154,0.0,4,0.96,0.465,0.302,0.549,0.145,-0.11,0.086,0.077,0.132,-0.44,0.0539,0.642,0.025,0.234,0.613,Criminology and Security Studies,FAMSS,100,2,GS
2.76,0.62,0.729,0.826,0.583,1,0.829,0.132,0.292,0.305,0.626,0.086,-0.063,-0.049,0.506,0.37,-0.0487,0.401,0.397,0.061,0.549,Public Health,FBMS,100,1,GS
2.0,0.508,0.625,0.345,0.164,2,0.426,0.364,0.426,0.163,0.35,0.065,0.007,0.06,0.19,-0.27,0.1237,0.283,0.407,0.058,0.082,English and Communication,FAMSS,100,2,GS
3.03,0.884,0.654,0.852,0.892,1,0.629,0.114,0.389,0.663,0.85,-0.155,0.029,0.194,0.82,-0.35,-0.0189,0.69,0.72,0.057,0.459,Mathematics,FNAS,200,1,GS
2.83,0.705,0.923,0.775,0.575,1,0.711,0.0,0.327,0.474,0.762,0.331,0.199,0.314,0.507,0.08,0.0591,0.0,0.642,0.107,0.778,Business Administration,FAMSS,200,1,GS
2.67,0.7,0.721,0.807,0.618,0,0.307,0.153,0.359,0.082,0.328,-0.356,-0.193,-0.006,0.703,-0.17,0.0474,0.097,0.466,0.086,0.357,Mathematics,FNAS,100,1,NGS
2.02,0.829,0.596,0.622,0.501,1,0.593,0.523,0.164,0.088,0.249,-0.193,0.262,0.146,0.555,0.17,-0.0307,0.237,0.458,0.0,0.212,Doctor of Physiotherapy,FBMS,400,2,GS
3.01,0.461,0.569,0.714,0.521,0,0.715,0.145,0.676,0.176,0.241,0.163,-0.172,0.1,0.485,0.15,0.0392,0.432,0.201,0.0,0.637,Information Technology,FNAS,200,1,GS
2.81,0.696,0.546,0.891,0.543,0,0.359,0.393,0.512,0.446,0.748,0.099,0.153,0.097,0.802,-0.14,-0.0158,0.0,0.444,0.064,0.201,Criminology and Security Studies,FAMSS,100,1,GS
3.19,0.597,0.656,0.735,0.566,1,0.517,0.03,0.475,0.205,0.856,0.071,0.033,0.011,0.346,0.86,-0.0406,0.33,0.382,0.0,0.525,Computer Engineering,FNAS,300,2,GS
1.83,0.279,0.175,0.214,0.113,2,0.111,0.463,0.397,0.302,0.371,0.168,0.119,-0.118,0.0,0.32,0.0297,0.314,0.092,0.093,0.0,Doctor of Physiotherapy,FBMS,100,2,NGS
3.17,0.535,0.389,0.534,0.447,0,0.381,0.03,0.623,0.543,0.583,-0.099,0.307,0.09,0.497,0.08,-0.0135,0.147,0.136,0.038,0.413,Software Engineering,FNAS,100,2,GS
3.27,0.635,0.553,0.897,0.492,0,0.501,0.285,0.036,0.29,0.759,0.118,0.093,0.072,0.731,-0.05,-0.0439,0.853,0.342,0.0,0.422,Software Engineering,FNAS,100,2,GS
2.71,0.695,0.559,0.811,0.953,1,0.365,0.298,0.251,0.451,0.572,-0.055,0.039,0.113,0.627,0.1,-0.0448,0.495,0.599,0.19,0.254,Business Administration,FAMSS,100,1,GS
2.72,0.475,0.566,0.694,0.554,2,0.423,0.0,0.672,0.287,0.505,0.005,-0.006,-0.003,0.701,0.18,-0.0531,0.496,0.226,0.124,0.6,Biochemistry,FNAS,200,1,GS
2.88,0.746,0.749,0.779,0.677,1,0.233,0.13,0.597,0.848,0.632,0.032,0.111,0.101,0.773,0.14,-0.004,0.824,0.344,0.077,0.0,Accounting,FAMSS,100,2,GS
2.33,0.983,0.768,0.698,0.819,0,0.531,0.119,0.678,0.577,0.484,0.304,0.208,0.018,0.793,0.82,0.029,0.433,0.694,0.0,0.412,Health Information Management,FBMS,400,1,GS
3.11,0.61,0.553,0.54,0.206,2,0.714,0.0,0.809,0.334,0.535,-0.13,-0.036,0.052,0.573,0.28,-0.0253,0.475,0.439,0.0,0.876,Physics and Electronics,FNAS,100,1,GS
3.38,0.738,0.728,0.799,0.594,1,0.364,0.181,0.368,0.335,0.1,-0.043,-0.208,0.177,0.498,0.03,0.0069,0.3,0.435,0.0,0.28,Doctor of Physiotherapy,FBMS,100,1,GS
4.27,0.899,0.714,0.834,0.901,0,0.522,0.006,0.378,0.65,0.816,0.026,-0.045,-0.167,0.611,-0.06,0.0092,0.599,0.692,0.031,0.401,Doctor of Physiotherapy,FBMS,200,1,GS
2.18,0.377,0.465,0.718,0.26,2,0.614,0.314,0.376,0.143,0.189,0.136,0.017,0.088,0.442,0.25,-0.15,0.132,0.179,0.207,0.199,Public Health,FBMS,200,2,GS
3.28,0.731,0.847,0.616,0.67,0,0.681,0.335,0.0,0.274,0.442,0.058,0.067,-0.086,0.71,-0.06,-0.0102,0.782,0.533,0.0,0.327,Software Engineering,FNAS,100,1,GS
2.46,0.625,0.46,0.484,0.53,1,0.528,0.03,0.417,0.119,0.699,0.04,-0.13,0.027,0.334,0.33,-0.0133,0.545,0.309,0.078,0.441,Computer Science,FNAS,300,2,GS
1.3,0.176,0.0,0.192,0.153,3,0.209,0.646,0.245,0.075,0.238,-0.025,-0.078,0.119,0.075,-0.57,0.1386,0.408,0.0,0.203,0.21,Criminology and Security Studies,FAMSS,100,2,NGS
2.93,0.613,0.537,0.475,0.173,1,0.51,0.311,0.282,0.093,0.0,0.03,-0.249,-0.088,0.394,-0.11,-0.0745,0.083,0.311,0.079,0.383,Industrial Chemistry,FNAS,100,2,GS
3.37,0.322,0.401,0.778,0.323,0,0.715,0.163,0.094,0.77,0.654,-0.003,0.21,-0.122,0.518,0.11,-0.0912,0.598,0.004,0.0,0.881,Estate Management,FES,300,2,GS
2.72,0.56,0.46,0.63,0.423,1,0.679,0.077,0.293,0.799,0.654,0.081,-0.004,-0.151,0.508,0.32,0.0439,0.703,0.247,0.014,0.496,Cybersecurity,FNAS,100,2,GS
3.03,0.747,0.61,0.88,0.79,1,0.512,0.126,0.379,0.243,0.683,0.044,-0.144,0.188,0.78,0.43,0.032,0.0,0.494,0.0,0.622,History and International Relations,FAMSS,200,1,GS
2.75,0.632,0.533,0.543,0.677,1,0.617,0.073,0.85,0.704,0.626,0.02,0.077,0.008,0.613,0.17,-0.0485,0.451,0.447,0.196,0.572,Physics and Electronics,FNAS,100,1,GS
1.05,0.573,0.525,0.519,0.46,1,0.601,0.114,0.347,0.0,0.231,0.118,-0.263,-0.141,0.442,-0.24,-0.0414,0.25,0.303,0.138,0.476,Criminology and Security Studies,FAMSS,400,2,NGS
2.07,0.445,0.371,0.458,0.28,1,0.896,0.193,0.0,0.526,0.553,0.126,-0.12,-0.101,0.346,0.19,-0.0981,0.455,0.0,0.0,0.694,Computer Engineering,FNAS,200,2,GS
1.7,0.376,0.682,0.716,0.525,6,0.39,0.343,0.649,0.987,0.658,0.079,0.054,0.087,0.778,0.31,0.0039,0.554,0.279,0.43,0.377,Computer Science,FNAS,200,2,GS
2.2,0.838,0.78,0.919,0.922,2,0.731,0.442,0.599,0.428,0.778,0.021,0.212,-0.117,0.763,0.11,-0.0615,0.305,0.532,0.099,0.313,Mathematics,FNAS,100,2,GS
3.07,0.705,0.577,0.736,0.38,0,0.445,0.272,0.483,0.094,0.354,0.074,0.053,-0.324,0.706,0.41,0.0104,0.701,0.382,0.0,0.346,Economics,FAMSS,100,1,GS
3.82,0.759,0.737,0.69,0.464,1,0.576,0.156,0.309,0.188,0.518,-0.001,0.017,0.079,0.487,0.19,0.0045,0.268,0.46,0.0,0.521,Biochemistry,FNAS,100,1,GS
2.98,0.987,1.0,0.768,0.121,0,0.585,0.336,0.558,0.0,0.59,0.156,0.131,0.153,0.864,0.3,-0.0113,0.55,1.0,0.018,0.371,Software Engineering,FNAS,300,2,GS
3.97,0.684,0.941,0.614,0.539,1,0.867,0.125,0.164,0.319,0.758,0.032,-0.18,0.38,0.574,0.13,-0.0233,0.423,0.755,0.0,0.803,English and Communication,FAMSS,100,2,GS
2.0,0.543,0.653,0.762,0.942,1,0.534,0.275,0.418,0.45,0.494,0.486,0.176,0.05,0.532,0.36,-0.0932,0.423,0.377,0.116,0.589,Computer Science,FNAS,100,2,GS
2.72,0.463,0.305,0.621,0.294,0,0.532,0.051,0.684,0.401,0.0,-0.27,0.194,0.041,0.54,-0.29,-0.028,0.436,0.107,0.0,0.551,Economics,FAMSS,100,1,GS
2.31,0.658,0.59,0.84,0.674,0,0.626,0.281,0.176,0.385,0.161,0.104,0.158,-0.023,0.67,0.7,0.0107,0.471,0.452,0.028,0.416,Health Information Management,FBMS,300,1,GS
3.59,0.286,0.655,0.52,0.46,1,0.765,0.03,0.766,0.33,0.481,-0.013,-0.143,0.18,0.541,0.24,-0.0456,0.594,0.175,0.009,0.793,English and Communication,FAMSS,300,2,GS
3.14,0.854,0.519,0.972,0.648,1,0.726,0.122,0.71,0.394,0.576,0.219,0.148,-0.195,0.497,-0.72,-0.0678,0.139,0.555,0.0,0.726,Quantity Surveying,FES,200,2,GS
1.62,0.178,0.081,0.429,0.121,5,0.41,0.181,0.234,0.023,0.59,0.007,0.05,-0.142,0.208,-0.41,-0.109,0.339,0.0,0.35,0.384,Physics and Electronics,FNAS,100,1,GS
3.58,0.658,0.472,0.626,0.579,0,0.595,0.169,0.097,0.307,1.0,0.03,0.096,0.16,0.519,0.8,0.0272,0.677,0.215,0.053,0.58,Estate Management,FES,100,2,GS
2.8,0.818,0.634,0.73,0.576,0,0.564,0.081,0.543,0.534,0.828,0.065,0.341,-0.183,0.808,0.35,0.0603,0.16,0.454,0.03,0.528,Accounting,FAMSS,200,1,GS
3.26,0.572,0.579,0.399,0.361,0,0.576,0.225,0.883,0.197,0.843,0.009,0.133,0.037,0.517,0.07,-0.0339,0.486,0.388,0.072,0.355,Nursing,FBMS,100,1,GS
3.24,0.516,0.343,0.543,0.629,0,0.484,0.211,0.244,0.314,0.861,-0.188,-0.024,0.041,0.521,0.35,-0.0033,0.495,0.119,0.018,0.405,Software Engineering,FNAS,200,1,GS
2.62,0.847,0.749,0.712,0.421,1,0.565,0.229,0.435,0.366,0.253,-0.077,0.013,-0.036,0.643,-0.09,-0.113,0.27,0.476,0.0,0.669,Nursing,FBMS,200,2,GS
2.59,1.0,0.801,0.655,0.573,1,0.544,0.096,0.315,0.111,0.814,0.128,-0.274,-0.021,0.693,0.06,-0.0338,0.616,0.79,0.104,0.647,Accounting,FAMSS,100,2,GS
2.94,0.609,0.499,0.639,0.746,1,0.519,0.238,0.491,0.049,0.299,-0.222,0.355,-0.036,0.754,0.22,0.0636,0.443,0.295,0.107,0.437,Industrial Chemistry,FNAS,400,2,GS
2.76,0.632,0.531,0.703,0.355,1,0.202,0.512,0.647,0.037,0.437,0.235,0.093,0.011,0.482,-0.26,0.0059,0.596,0.232,0.01,0.0,Public Health,FBMS,300,2,GS
2.43,0.33,0.204,0.381,0.3,3,0.069,0.484,0.253,0.317,0.282,-0.152,-0.054,0.1,0.217,-0.09,-0.0412,0.054,0.016,0.178,0.0,Industrial Chemistry,FNAS,300,2,NGS
3.56,0.575,0.57,0.647,0.714,0,0.694,0.392,0.327,0.284,0.277,-0.003,-0.041,0.014,0.419,0.26,-0.0213,0.641,0.193,0.037,0.295,English and Communication,FAMSS,300,1,GS
3.18,0.983,1.0,0.629,0.475,0,0.656,0.0,0.293,0.584,0.331,0.211,0.226,0.171,0.675,-0.19,0.06,0.725,0.933,0.031,0.529,Business Administration,FAMSS,100,1,GS
3.56,0.9,0.662,0.756,0.689,0,0.541,0.093,0.782,0.647,0.607,0.042,0.311,-0.105,0.547,0.06,-0.0307,0.853,0.664,0.0,0.45,Computer Engineering,FNAS,200,1,GS
2.62,0.443,0.551,0.398,0.585,0,0.623,0.252,0.704,0.443,0.418,-0.089,0.005,0.156,0.531,0.07,0.0129,0.464,0.347,0.014,0.435,Computer Science,FNAS,200,2,GS
1.19,0.6,0.521,0.642,0.648,1,0.258,0.0,0.469,0.511,0.361,0.321,0.299,0.117,0.461,-0.17,0.0191,0.111,0.413,0.0,0.122,Information Technology,FNAS,100,1,GS
3.26,1.0,1.0,0.763,0.628,0,0.697,0.113,0.319,0.051,0.128,0.015,0.092,-0.125,0.55,0.25,0.0454,0.39,0.957,0.0,0.603,Architecture,FES,300,2,GS
2.95,0.489,0.427,0.605,0.401,2,0.392,0.35,0.64,0.375,0.329,-0.217,0.041,0.139,0.476,-0.67,-0.0704,0.252,0.314,0.024,0.245,Computer Engineering,FNAS,100,1,GS
3.33,0.666,0.797,0.803,0.834,0,0.71,0.0,0.231,0.622,0.66,0.057,-0.12,0.025,0.944,-0.52,-0.0332,0.526,0.569,0.0,0.686,Nursing,FBMS,300,1,GS
2.42,0.602,0.485,0.67,0.647,2,0.631,0.206,0.56,0.638,0.353,0.056,0.037,0.396,0.624,-0.09,0.0648,0.148,0.328,0.06,0.449,Architecture,FES,100,2,GS
3.49,0.926,0.777,0.842,0.913,0,0.657,0.073,0.797,0.607,0.242,0.265,-0.108,0.056,0.632,-0.43,-0.0743,0.05,0.606,0.039,0.456,Biochemistry,FNAS,300,1,GS
3.47,0.654,0.567,0.715,0.829,1,0.572,0.236,0.308,0.607,0.761,0.044,-0.161,0.043,0.853,-0.18,0.0224,0.158,0.324,0.096,0.444,Criminology and Security Studies,FAMSS,200,1,GS
2.53,0.631,0.411,0.686,0.507,0,0.646,0.43,0.355,0.19,0.2,0.072,0.168,-0.167,0.478,0.12,0.0266,0.322,0.386,0.072,0.367,Mathematics,FNAS,100,1,GS
2.93,0.368,0.391,0.572,0.451,1,0.394,0.491,0.419,0.51,0.365,0.05,-0.251,0.034,0.316,-0.35,-0.0264,0.0,0.129,0.048,0.274,Business Administration,FAMSS,200,2,GS
2.83,0.6,0.489,0.302,0.219,1,0.254,0.061,0.393,0.33,0.683,0.243,-0.004,-0.058,0.254,0.35,-0.0069,0.64,0.19,0.015,0.162,Cybersecurity,FNAS,300,1,GS
3.58,0.328,0.629,0.695,0.716,1,0.233,0.285,0.518,0.568,0.638,0.024,-0.063,-0.158,0.772,-0.57,0.0276,0.459,0.18,0.0,0.224,English and Communication,FAMSS,200,2,GS
2.71,0.42,0.541,0.579,0.203,1,0.584,0.085,0.273,0.601,0.0,0.044,-0.073,0.024,0.61,0.56,-0.1347,0.04,0.142,0.114,0.544,Health Information Management,FBMS,100,1,GS
2.12,0.702,0.365,0.485,0.621,1,0.385,0.083,0.5,0.183,0.509,0.21,-0.013,-0.099,0.407,0.1,-0.038,0.636,0.076,0.06,0.2,Cybersecurity,FNAS,100,2,GS
2.57,0.485,0.553,0.321,0.266,2,0.808,0.219,0.333,0.67,0.483,0.013,0.095,-0.015,0.32,0.17,-0.0276,0.229,0.0,0.018,0.75,Mathematics,FNAS,400,2,GS
3.26,0.953,0.829,0.722,0.8,0,0.47,0.342,0.249,0.515,0.569,0.04,-0.076,-0.132,0.814,0.11,-0.1257,0.241,0.789,0.025,0.319,Quantity Surveying,FES,100,1,GS
2.0,0.494,0.738,0.731,0.83,1,0.433,0.581,0.0,0.308,0.879,-0.128,0.121,-0.058,0.479,0.14,-0.0639,0.339,0.323,0.0,0.267,Information Technology,FNAS,100,1,GS
2.09,0.775,0.885,0.882,0.521,0,0.467,0.251,0.211,0.308,0.499,0.033,0.067,0.133,0.47,0.5,-0.0687,0.686,0.832,0.052,0.263,Cybersecurity,FNAS,200,2,GS
1.74,0.639,0.617,0.512,0.606,1,0.947,0.278,0.196,0.551,0.556,0.107,0.5,-0.171,0.29,0.03,0.035,0.596,0.491,0.189,0.603,Doctor of Physiotherapy,FBMS,200,2,GS
2.85,0.611,0.654,0.558,0.38,2,0.855,0.087,0.399,0.678,0.519,0.111,-0.193,0.012,0.506,0.32,-0.0076,0.505,0.453,0.087,0.733,Public Health,FBMS,400,1,GS
2.68,0.798,0.639,0.873,0.743,2,0.534,0.363,0.297,0.407,0.863,0.05,0.129,0.395,0.812,0.43,0.0006,0.083,0.347,0.073,0.494,Health Information Management,FBMS,300,2,GS
2.64,0.42,0.206,0.52,0.3,3,0.541,0.121,0.557,0.809,0.289,0.024,-0.029,0.032,0.578,0.1,-0.0668,0.747,0.127,0.169,0.514,Estate Management,FES,200,2,GS
2.62,0.424,0.643,0.485,0.385,2,0.608,0.056,0.493,0.199,0.396,-0.271,0.135,-0.104,0.191,-0.01,-0.0579,0.738,0.22,0.049,0.524,English and Communication,FAMSS,300,1,GS
2.25,0.8,1.0,1.0,0.957,0,0.401,0.357,0.433,0.348,0.469,0.327,-0.165,0.182,1.0,-0.02,-0.0915,0.394,0.778,0.094,0.406,Health Information Management,FBMS,300,2,GS
